,ID,PurchaseCount,Days_Since_Last_Purchase,Total_Transactions_Unique,Total_Products_Purchased,Total_Spend,Average_Transaction_Value,Unique_Products_Purchased,Average_Days_Between_Purchases,Day_Of_Week,Hour,Monthly_Spending_Mean,Monthly_Spending_Std,Spending_Trend,Spender_Category_Num,Frequency_Category_Num
0,0.0,204,1,173,173,3838.93,22.190346820809246,110,1.0,2,20,767.786,286.4339140709424,-162.175,2,3
1,1.0,189,1,156,156,4195.05,26.891346153846158,100,1.0,2,5,839.01,410.273156141125,-217.30100000000004,2,3
2,2.0,218,0,175,175,4266.75,24.38142857142857,110,1.0,2,22,853.35,449.32481252430273,-278.045,2,3
3,3.0,197,1,156,156,3681.43,23.598910256410257,101,1.0,2,2,736.286,523.8810401512924,-207.36,2,3
4,4.0,195,2,159,159,2684.64,16.884528301886792,94,1.0,2,17,536.928,291.06194198142776,-176.83800000000002,2,3
5,5.0,190,1,164,164,3359.56,20.48512195121951,97,1.0,2,0,671.912,351.9601320746428,-146.202,2,3
6,6.0,214,1,179,179,3743.04,20.910837988826817,112,1.0,2,15,748.608,491.5814318808228,-299.287,2,3
7,7.0,224,0,187,187,4240.02,22.67390374331551,102,1.0,2,15,848.0039999999999,414.3125417845808,-240.328,2,3
8,8.0,206,0,171,171,3585.58,20.96830409356725,112,1.0,2,4,717.116,513.2378548295127,-322.308,2,3
9,9.0,197,1,168,168,3794.94,22.58892857142857,98,1.0,2,4,758.988,435.94409993713646,-190.704,2,3
10,10.0,10,10,10,10,139.12,13.912,10,12.0,2,1,34.78,36.57753135464448,-8.913999999999998,2,2
11,11.0,14,22,12,12,253.77,21.1475,11,11.0,2,3,63.4425,59.16995373498276,-17.095000000000006,2,2
12,12.0,11,3,9,9,392.36,43.59555555555555,7,14.0,2,9,98.09,104.65999777055865,-64.97,2,2
13,13.0,18,2,17,17,437.78,25.75176470588235,16,7.0,2,13,87.556,52.168880858228114,-25.85,2,2
14,14.0,18,2,12,12,898.77,74.8975,11,11.0,2,0,224.6925,385.9024497957137,-241.325,2,2
15,15.0,7,3,6,6,52.63,8.771666666666667,6,22.0,2,0,13.1575,4.93194603241628,-2.9550000000000005,2,2
16,16.0,14,8,13,13,258.53000000000003,19.88692307692308,11,9.0,2,0,86.17666666666666,49.08113113339314,-36.33,2,2
17,17.0,10,7,8,8,293.13,36.64125,7,14.0,1,0,73.2825,62.880867453198086,-21.497000000000003,2,2
18,18.0,14,8,12,12,194.31,16.1925,10,11.0,2,1,48.5775,27.247702502535265,7.050999999999997,2,2
19,19.0,11,30,8,8,115.68,14.46,7,12.0,2,0,38.56,15.020159786100807,-7.449999999999999,2,2
20,20.0,9,15,6,6,160.38,26.73,5,28.0,2,5,80.19,61.5890006413483,87.10000000000001,2,2
21,21.0,10,16,7,7,153.52,21.93142857142857,7,16.0,2,2,38.38,19.827117793567474,-7.608,2,2
22,22.0,11,9,5,5,86.4,17.28,5,12.0,2,8,43.2,1.074802307403542,1.519999999999989,2,2
23,23.0,18,1,14,14,340.86,24.34714285714286,13,9.0,2,10,68.172,71.47802788269973,-29.705,2,2
24,24.0,13,2,11,11,278.8,25.345454545454547,11,10.0,2,7,55.760000000000005,48.7899093051012,-22.092,2,2
25,25.0,6,9,6,6,66.78,11.13,6,17.0,2,18,22.26,4.521050762820519,2.055,2,2
26,26.0,13,10,9,9,228.07,25.34111111111111,9,15.0,2,0,57.0175,24.28202678937654,-16.107,2,2
27,27.0,14,2,13,13,178.42,13.724615384615385,11,10.0,2,12,44.605,16.05943232703655,-7.891999999999999,2,2
28,28.0,12,7,12,12,234.6,19.55,12,10.0,2,17,58.65,25.729738954499062,-9.483999999999998,2,2
29,29.0,19,1,15,15,523.53,34.902,13,9.0,2,10,104.706,92.53414575171696,-55.815,2,2
30,30.0,9,16,9,9,206.88,22.986666666666665,9,12.0,2,6,51.72,29.34207218312981,-15.932,2,2
31,31.0,13,17,11,11,425.39,38.67181818181818,11,8.0,2,4,141.79666666666665,141.2452131342274,19.935,2,2
32,32.0,14,2,11,11,169.94,15.44909090909091,11,13.0,2,0,42.485,36.113349793855086,-3.248000000000001,2,2
33,33.0,14,8,9,9,169.42000000000002,18.824444444444445,9,15.0,2,8,42.355,23.20842734870245,-7.108000000000001,2,2
34,34.0,11,16,5,5,60.28,12.056,5,28.0,2,19,30.14,2.884995667241113,4.079999999999998,2,2
35,35.0,11,9,10,10,336.31,33.631,10,13.0,2,0,84.0775,72.49720057813727,-23.955,2,2
36,36.0,8,71,6,6,85.45,14.241666666666667,6,11.0,1,10,42.725,8.082230508962233,-11.429999999999993,2,2
37,37.0,10,16,9,9,227.11,25.23444444444444,9,12.0,2,5,56.7775,83.63306019950086,-53.905,2,2
38,38.0,10,10,9,9,126.46,14.051111111111112,9,14.0,2,20,42.15333333333333,21.6606794291715,-6.774999999999999,2,2
39,39.0,13,7,12,12,218.14,18.17833333333333,12,10.0,2,0,54.535,11.002916280089869,-6.676000000000002,2,2
40,40.0,11,2,11,11,228.54,20.77636363636364,10,13.0,2,6,45.708000000000006,31.769465214258805,-11.150000000000002,2,2
41,41.0,8,16,6,6,79.07,13.178333333333333,6,22.0,2,1,26.35666666666667,17.79222957735577,-16.97,2,2
42,42.0,13,64,10,10,200.17,20.017,10,6.0,2,16,66.72333333333333,55.303309424783365,-53.6,2,2
43,43.0,17,8,14,14,229.47,16.390714285714285,14,9.0,2,5,57.3675,27.44091516331043,19.803,2,2
44,44.0,15,8,12,12,480.86,40.071666666666665,12,11.0,2,3,160.28666666666666,179.5192725958228,-142.405,2,2
45,45.0,11,52,10,10,424.92,42.492,10,8.0,2,5,141.64,202.6348713820008,-165.42000000000002,2,2
46,46.0,16,10,10,10,238.88,23.888,8,12.0,2,20,59.72,33.11959238879609,-8.046000000000001,2,2
47,47.0,12,9,10,10,131.57,13.157,9,13.0,2,2,43.85666666666666,6.358304281279193,-3.3550000000000004,2,2
48,48.0,10,8,7,7,97.35,13.907142857142857,7,20.0,1,4,24.3375,14.129291973296704,-6.661,2,2
49,49.0,9,30,7,7,83.82,11.974285714285712,7,14.0,2,22,20.955,21.18003226311676,-13.168,2,2
50,50.0,11,3,8,8,183.67,22.95875,7,18.0,2,0,45.9175,40.63774548782613,-29.643,2,2
51,51.0,13,22,12,12,440.36,36.696666666666665,11,10.0,2,6,110.09,94.3174904246291,-48.262,2,2
52,52.0,9,2,6,6,387.62,64.60333333333334,6,24.0,2,0,129.20666666666668,162.3040715242022,123.26,2,2
53,53.0,15,8,10,10,280.97,28.097,9,13.0,2,0,70.2425,54.90380519599711,-21.507,2,2
54,54.0,13,2,12,12,287.57,23.964166666666667,12,10.0,2,21,57.514,65.47725964027511,14.744,2,2
55,55.0,5,3,4,4,81.65,20.4125,4,30.0,1,5,20.4125,16.52442712068006,7.023000000000001,2,2
56,56.0,10,8,9,9,335.07,37.23,9,15.0,2,5,83.76750000000001,112.36075215572384,11.745000000000005,2,2
57,57.0,16,3,13,13,283.2,21.784615384615385,12,9.0,1,17,56.64,31.617083198802504,-18.758,2,2
58,58.0,9,2,7,7,203.41,29.05857142857143,7,19.0,2,9,40.682,37.609070315550206,-13.992999999999997,2,2
59,59.0,16,31,14,14,344.94,24.638571428571428,14,7.0,2,15,86.23500000000001,85.44528873300546,-27.622000000000003,2,2
60,60.0,15,7,13,13,144.6,11.123076923076924,12,10.0,2,11,36.15,27.089508424234403,-3.644,2,2
61,61.0,11,9,9,9,91.08,10.12,7,14.0,1,16,22.77,19.628735737858072,-9.716,2,2
62,62.0,11,37,10,10,134.29,13.428999999999998,10,10.0,2,0,44.76333333333334,23.861647749753864,22.195,2,2
63,63.0,10,8,9,9,658.17,73.13,9,15.0,2,5,164.5425,224.86568722610096,143.189,2,2
64,64.0,10,9,8,8,113.0,14.125,8,16.0,2,1,37.66666666666666,25.214444934071683,-12.195,2,2
65,65.0,16,2,15,15,276.78000000000003,18.452,13,8.0,2,7,55.35600000000001,44.6878845997436,10.728000000000002,2,2
66,66.0,15,9,13,13,311.99,23.99923076923077,10,9.0,2,5,77.9975,77.97431387963603,-37.869,2,2
67,67.0,20,6,12,12,170.73,14.2275,11,10.0,2,2,42.6825,40.72123882775015,-5.781,2,2
68,68.0,10,7,10,10,159.03,15.903,7,13.0,2,0,39.7575,31.25110384717101,9.978999999999996,2,2
69,69.0,15,17,11,11,533.86,48.53272727272727,10,12.0,2,10,133.465,201.66946761140284,-115.308,2,2
70,70.0,19,7,18,18,536.3299999999999,29.796111111111102,14,7.0,2,0,134.08249999999998,185.2227547891097,-108.76899999999998,2,2
71,71.0,11,17,8,8,127.33,15.91625,8,16.0,2,1,31.8325,15.356460909554214,-6.283,2,2
72,72.0,23,2,15,15,334.93,22.328666666666667,12,9.0,2,16,83.7325,37.79798704957712,-11.928999999999998,2,3
73,73.0,12,7,11,11,252.54,22.958181818181817,10,12.0,3,0,63.135,32.76508456675591,-10.341999999999995,2,2
74,74.0,11,30,8,8,148.73999999999998,18.5925,7,12.0,2,18,37.185,31.13064781422534,-21.562,2,2
75,75.0,11,7,10,10,167.99,16.799,8,13.0,2,5,41.9975,26.987045503352164,19.959000000000003,2,2
76,76.0,15,2,8,8,219.5,27.4375,7,18.0,2,9,43.9,50.88451876553418,-19.612,2,2
77,77.0,12,7,10,10,254.09,25.409,9,13.0,2,1,84.69666666666666,21.1622596462035,-19.984999999999992,2,2
78,78.0,17,10,14,14,243.14,17.36714285714286,14,9.0,1,21,60.785,35.19239074951668,0.9739999999999972,2,2
79,79.0,10,15,7,7,174.79,24.97,6,6.0,2,2,87.39500000000001,112.67746558207637,-159.35000000000002,2,2
80,80.0,19,10,16,16,265.8,16.6125,13,8.0,1,17,66.45,56.39750526397422,-32.965999999999994,2,2
81,81.0,15,30,13,13,192.24,14.787692307692309,13,6.0,2,20,48.06,24.44416631154899,-5.505999999999999,2,2
82,82.0,17,3,15,15,207.46,13.830666666666668,14,8.0,2,5,41.492,33.47805281075947,0.3569999999999993,2,2
83,83.0,11,16,10,10,206.44,20.644,7,12.0,2,1,51.61,38.135046872922544,-7.4700000000000015,2,2
84,84.0,6,1,5,5,64.07,12.813999999999998,5,32.0,3,0,21.356666666666666,9.0521618044163,-4.035,2,2
85,85.0,16,3,11,11,288.23,26.202727272727277,11,11.0,2,17,57.646,29.02488466816018,-14.785,2,2
86,86.0,13,1,11,11,142.07,12.915454545454544,9,13.0,2,22,28.414,8.490496451916107,1.98,2,2
87,87.0,14,31,13,13,273.9,21.069230769230767,12,6.0,2,10,68.475,44.560189631553406,-32.058,2,2
88,88.0,9,6,8,8,177.54,22.1925,8,15.0,2,15,44.385,36.22828222995583,-21.742,2,2
89,89.0,16,3,15,15,311.91,20.794,15,9.0,2,2,62.38199999999999,64.59184213195967,-34.253,2,2
90,90.0,17,3,13,13,379.67,29.205384615384617,12,10.0,2,20,75.934,63.739350718374894,-36.459,2,2
91,91.0,9,2,8,8,199.33,24.91625,7,18.0,2,0,49.8325,50.04343604976248,-24.991000000000003,2,2
92,92.0,13,8,11,11,261.13,23.73909090909091,11,11.0,2,2,65.2825,45.48524257016408,13.082999999999998,2,2
93,93.0,8,15,5,5,64.01,12.802,5,23.0,1,13,21.33666666666667,5.075995797213915,-4.909999999999998,2,2
94,94.0,14,7,10,10,159.9,15.99,10,12.0,2,5,39.975,31.83644609563071,8.37,2,2
95,95.0,16,7,14,14,267.74,19.124285714285715,12,10.0,2,17,66.935,43.08341792383701,14.618,2,2
96,96.0,8,30,6,6,244.3,40.71666666666667,6,17.0,2,16,61.075,84.55351776636302,-19.192,2,2
97,97.0,9,3,6,6,94.32,15.72,6,24.0,2,0,31.44,12.110817478601518,11.66,2,2
98,98.0,17,15,15,15,262.78,17.518666666666665,11,8.0,2,10,65.695,19.65966174683583,-7.380000000000001,2,2
99,99.0,11,7,9,9,86.06,9.562222222222225,8,15.0,2,7,21.515,10.501284048470769,1.1659999999999997,2,2
100,100.0,1,7,1,1,32.93,32.93,1,0.0,4,21,32.93,0.0,0.0,2,2
101,101.0,2,78,1,1,100.96,100.96,1,0.0,3,4,100.96,0.0,0.0,2,2
102,102.0,1,10,1,1,19.99,19.99,1,0.0,1,21,19.99,0.0,0.0,2,2
103,103.0,1,7,1,1,110.79,110.79,1,0.0,4,1,110.79,0.0,0.0,5,2
104,105.0,2,7,2,2,8.99,4.495,1,0.0,2,4,8.99,0.0,0.0,1,2
105,107.0,1,30,1,1,9.07,9.07,1,0.0,2,17,9.07,0.0,0.0,2,2
106,108.0,1,79,1,1,23.06,23.06,1,0.0,2,21,23.06,0.0,0.0,3,2
107,110.0,2,93,2,2,25.69,12.845,2,28.0,2,5,12.845,7.601397897755386,10.75,2,2
108,113.0,1,51,1,1,26.22,26.22,1,0.0,2,3,26.22,0.0,0.0,2,2
109,114.0,3,80,2,2,65.98,32.99,2,27.0,1,7,32.99,4.242640687119287,6.000000000000004,3,2
110,115.0,1,72,1,1,11.49,11.49,1,0.0,2,14,11.49,0.0,0.0,3,2
111,116.0,2,43,1,1,6.0,6.0,1,0.0,3,2,6.0,0.0,0.0,2,2
112,120.0,1,73,1,1,2.97,2.97,1,0.0,1,16,2.97,0.0,0.0,2,2
113,121.0,1,100,1,1,17.5,17.5,1,0.0,2,23,17.5,0.0,0.0,2,2
114,126.0,1,114,1,1,16.0,16.0,1,0.0,2,6,16.0,0.0,0.0,2,2
115,127.0,1,37,1,1,19.08,19.08,1,0.0,2,4,19.08,0.0,0.0,2,2
116,130.0,1,100,1,1,5.96,5.96,1,0.0,2,20,5.96,0.0,0.0,1,2
117,136.0,1,31,1,1,79.97,79.97,1,0.0,1,19,79.97,0.0,0.0,2,2
118,138.0,1,94,1,1,8.85,8.85,1,0.0,1,20,8.85,0.0,0.0,2,2
119,139.0,2,30,2,2,59.69,29.845,2,91.0,2,7,29.845,25.23664102054788,-35.69,2,2
120,141.0,5,30,4,4,64.44,16.11,4,28.0,2,12,21.48,16.46518448120154,8.165,2,2
121,143.0,3,80,3,3,30.18,10.06,3,24.0,2,0,15.09,7.3114841174689,-10.339999999999998,2,2
122,144.0,1,7,1,1,7.97,7.97,1,0.0,4,13,7.97,0.0,0.0,2,2
123,147.0,2,17,2,2,37.94,18.97,2,111.0,1,7,18.97,15.584633457351508,22.04,2,2
124,150.0,1,66,1,1,6.98,6.98,1,0.0,1,20,6.98,0.0,0.0,1,2
125,152.0,1,86,1,1,9.63,9.63,1,0.0,2,5,9.63,0.0,0.0,2,2
126,154.0,1,115,1,1,8.34,8.34,1,0.0,1,21,8.34,0.0,0.0,1,2
127,161.0,1,99,1,1,10.99,10.99,1,0.0,3,10,10.99,0.0,0.0,2,2
128,162.0,1,87,1,1,20.91,20.91,1,0.0,1,22,20.91,0.0,0.0,2,2
129,164.0,1,7,1,1,42.89,42.89,1,0.0,4,1,42.89,0.0,0.0,2,2
130,168.0,1,114,1,1,25.78,25.78,1,0.0,2,12,25.78,0.0,0.0,1,2
131,169.0,2,3,2,2,3.82,1.91,2,119.0,1,15,1.91,1.4566399692442875,2.06,2,2
132,171.0,1,114,1,1,7.18,7.18,1,0.0,2,10,7.18,0.0,0.0,2,2
133,172.0,1,43,1,1,49.33,49.33,1,0.0,3,10,49.33,0.0,0.0,2,2
134,174.0,1,80,1,1,6.47,6.47,1,0.0,1,21,6.47,0.0,0.0,1,2
135,176.0,2,93,2,2,103.77,51.885,2,27.0,2,0,51.885,68.03074341795774,96.21,2,2
136,178.0,2,15,2,2,114.8,57.4,2,71.0,2,5,57.4,20.43538597629122,28.89999999999999,3,2
137,182.0,1,92,1,1,9.83,9.83,1,0.0,3,12,9.83,0.0,0.0,1,2
138,185.0,2,58,2,2,36.74,18.37,2,14.0,2,13,18.37,17.507963902178915,-24.76,2,2
139,190.0,4,31,4,4,41.21,10.302499999999998,4,26.0,1,16,10.302499999999998,7.541531122170529,3.499,2,2
140,192.0,1,79,1,1,15.37,15.37,1,0.0,2,23,15.37,0.0,0.0,2,2
141,193.0,1,86,1,1,21.45,21.45,1,0.0,2,1,21.45,0.0,0.0,2,2
142,195.0,4,65,3,3,58.41,19.47,3,14.0,2,9,29.205,20.14547219600474,-28.49,2,2
143,199.0,2,92,1,1,3.98,3.98,1,0.0,3,7,3.98,0.0,0.0,1,2
144,202.0,1,44,1,1,73.55,73.55,1,0.0,2,10,73.55,0.0,0.0,2,2
145,203.0,1,86,1,1,2.95,2.95,1,0.0,2,4,2.95,0.0,0.0,2,2
146,208.0,1,108,1,1,4.19,4.19,1,0.0,1,18,4.19,0.0,0.0,2,2
147,211.0,1,65,1,1,49.95,49.95,1,0.0,2,6,49.95,0.0,0.0,2,2
148,212.0,1,121,1,1,15.81,15.81,1,0.0,2,4,15.81,0.0,0.0,2,2
149,213.0,1,31,1,1,16.7,16.7,1,0.0,1,20,16.7,0.0,0.0,1,2
150,219.0,2,31,2,2,16.06,8.03,2,84.0,1,16,8.03,8.895403307326768,-12.58,1,2
151,221.0,1,86,1,1,14.44,14.44,1,0.0,2,19,14.44,0.0,0.0,2,2
152,223.0,1,43,1,1,11.62,11.62,1,0.0,3,11,11.62,0.0,0.0,2,2
153,226.0,2,30,2,2,33.84,16.92,2,56.0,2,8,16.92,15.47149637236166,-21.88,2,2
154,228.0,1,114,1,1,6.21,6.21,1,0.0,2,0,6.21,0.0,0.0,2,2
155,229.0,2,64,1,1,17.49,17.49,1,0.0,3,12,17.49,0.0,0.0,2,2
156,230.0,1,65,1,1,17.99,17.99,1,0.0,2,5,17.99,0.0,0.0,2,2
157,231.0,1,72,1,1,24.99,24.99,1,0.0,2,17,24.99,0.0,0.0,2,2
158,232.0,1,114,1,1,8.97,8.97,1,0.0,2,8,8.97,0.0,0.0,2,2
159,233.0,1,23,1,1,12.17,12.17,1,0.0,2,5,12.17,0.0,0.0,2,2
160,234.0,2,38,2,2,41.07,20.535,2,27.0,1,8,41.07,0.0,0.0,2,2
161,237.0,1,86,1,1,33.51,33.51,1,0.0,2,5,33.51,0.0,0.0,2,2
162,238.0,3,3,3,3,99.47,33.156666666666666,3,48.0,2,7,33.156666666666666,36.61787314049429,5.265000000000001,3,2
163,241.0,1,114,1,1,30.99,30.99,1,0.0,2,6,30.99,0.0,0.0,1,2
164,242.0,1,93,1,1,6.63,6.63,1,0.0,2,20,6.63,0.0,0.0,2,2
165,246.0,1,86,1,1,24.95,24.95,1,0.0,2,0,24.95,0.0,0.0,2,2
166,250.0,1,42,1,1,4.97,4.97,1,0.0,4,6,4.97,0.0,0.0,1,2
167,251.0,1,79,1,1,6.0,6.0,1,0.0,2,15,6.0,0.0,0.0,1,2
168,252.0,1,122,1,1,4.48,4.48,1,0.0,1,21,4.48,0.0,0.0,2,2
169,254.0,2,99,2,2,49.2,24.6,2,16.0,1,6,49.2,0.0,0.0,2,2
170,255.0,1,7,1,1,48.3,48.3,1,0.0,4,2,48.3,0.0,0.0,3,2
171,256.0,1,79,1,1,4.28,4.28,1,0.0,2,0,4.28,0.0,0.0,1,2
172,257.0,1,30,1,1,17.98,17.98,1,0.0,2,0,17.98,0.0,0.0,2,2
173,261.0,1,114,1,1,149.95,149.95,1,0.0,2,9,149.95,0.0,0.0,2,2
174,262.0,2,38,2,2,17.07,8.535,2,83.0,1,11,8.535,2.213244225113894,-3.13,2,2
175,264.0,1,9,1,1,17.73,17.73,1,0.0,2,11,17.73,0.0,0.0,2,2
176,270.0,2,108,1,1,9.97,9.97,1,0.0,1,20,9.97,0.0,0.0,2,2
177,272.0,3,9,2,2,86.8,43.4,2,34.0,2,10,43.4,36.005877298018994,50.92,2,2
178,273.0,2,72,1,1,10.45,10.45,1,0.0,2,16,10.45,0.0,0.0,2,2
179,274.0,1,93,1,1,19.12,19.12,1,0.0,2,21,19.12,0.0,0.0,2,2
180,275.0,2,92,2,2,20.22,10.11,2,29.0,2,6,10.11,6.745798692519664,-9.54,1,2
181,278.0,1,2,1,1,17.64,17.64,1,0.0,2,15,17.64,0.0,0.0,2,2
182,279.0,2,16,2,2,20.48,10.24,2,91.0,2,5,10.24,1.7677669529663689,2.5,2,2
183,280.0,2,114,2,2,80.0,40.0,2,7.0,2,7,80.0,0.0,0.0,3,2
184,282.0,2,24,2,2,53.53,26.765,2,69.0,1,19,26.765,26.254874785456508,-37.13,2,2
185,283.0,2,58,2,2,32.77,16.384999999999998,2,14.0,2,6,16.384999999999998,7.459976541518076,-10.55,2,2
186,284.0,3,87,3,3,55.48,18.49333333333333,3,17.0,1,12,27.74,18.568624073958738,26.26,2,2
187,287.0,1,1,1,1,8.33,8.33,1,0.0,3,4,8.33,0.0,0.0,2,2
188,290.0,2,45,2,2,42.79,21.395,2,48.0,1,8,21.395,21.51725935150664,-30.43,2,2
189,291.0,1,107,1,1,20.13,20.13,1,0.0,2,2,20.13,0.0,0.0,2,2
190,292.0,2,86,2,2,21.9,10.95,2,6.0,2,5,21.9,0.0,0.0,2,2
191,293.0,1,31,1,1,39.35,39.35,1,0.0,1,16,39.35,0.0,0.0,2,2
192,295.0,1,71,1,1,14.99,14.99,1,0.0,3,1,14.99,0.0,0.0,2,2
193,296.0,2,8,2,2,28.41,14.204999999999998,2,100.0,1,9,14.204999999999998,8.152941187080893,11.53,1,2
194,300.0,1,64,1,1,11.75,11.75,1,0.0,3,15,11.75,0.0,0.0,1,2
195,301.0,1,107,1,1,57.0,57.0,1,0.0,2,11,57.0,0.0,0.0,2,2
196,302.0,1,8,1,1,20.99,20.99,1,0.0,3,8,20.99,0.0,0.0,2,2
197,304.0,1,79,1,1,22.0,22.0,1,0.0,2,23,22.0,0.0,0.0,2,2
198,305.0,1,52,1,1,39.99,39.99,1,0.0,1,16,39.99,0.0,0.0,2,2
199,308.0,1,100,1,1,20.97,20.97,1,0.0,2,22,20.97,0.0,0.0,3,2
200,309.0,3,8,3,3,24.96,8.32,2,63.0,3,5,12.48,0.7212489168102781,-1.0199999999999996,2,2
201,310.0,1,121,1,1,35.19,35.19,1,0.0,2,14,35.19,0.0,0.0,2,2
202,312.0,1,92,1,1,9.99,9.99,1,0.0,3,11,9.99,0.0,0.0,1,2
203,313.0,1,99,1,1,10.53,10.53,1,0.0,3,4,10.53,0.0,0.0,2,2
204,314.0,1,16,1,1,9.57,9.57,1,0.0,2,7,9.57,0.0,0.0,2,2
205,316.0,2,30,2,2,61.58,30.79,2,70.0,2,21,30.79,18.370634175226503,-25.98,2,2
206,317.0,2,108,2,2,20.22,10.11,2,6.0,1,10,20.22,0.0,0.0,2,2
207,318.0,1,2,1,1,8.96,8.96,1,0.0,2,19,8.96,0.0,0.0,1,2
208,324.0,2,107,1,1,40.22,40.22,1,0.0,2,7,40.22,0.0,0.0,3,2
209,327.0,2,8,1,1,28.95,28.95,1,0.0,3,20,28.95,0.0,0.0,3,2
210,328.0,2,72,2,2,9.75,4.875,2,50.0,1,3,4.875,2.6940768363207463,3.81,2,2
211,332.0,1,79,1,1,14.72,14.72,1,0.0,2,10,14.72,0.0,0.0,2,2
212,333.0,1,23,1,1,9.99,9.99,1,0.0,2,5,9.99,0.0,0.0,2,2
213,336.0,1,16,1,1,54.16,54.16,1,0.0,2,5,54.16,0.0,0.0,2,2
214,337.0,2,107,2,2,29.24,14.62,2,8.0,1,7,29.24,0.0,0.0,2,2
215,340.0,1,85,1,1,10.89,10.89,1,0.0,3,2,10.89,0.0,0.0,2,2
216,341.0,1,114,1,1,4.98,4.98,1,0.0,2,4,4.98,0.0,0.0,2,2
217,342.0,2,100,1,1,196.11,196.11,1,0.0,2,16,196.11,0.0,0.0,2,2
218,343.0,1,52,1,1,7.99,7.99,1,0.0,1,17,7.99,0.0,0.0,1,2
219,344.0,3,121,1,1,6.0,6.0,1,0.0,2,3,6.0,0.0,0.0,2,2
220,347.0,1,85,1,1,4.97,4.97,1,0.0,3,4,4.97,0.0,0.0,1,2
221,348.0,1,121,1,1,28.99,28.99,1,0.0,2,1,28.99,0.0,0.0,2,2
222,351.0,2,80,2,2,33.81,16.905,2,26.0,1,3,16.905,12.72085099354599,-17.99,2,2
223,355.0,2,114,1,1,7.99,7.99,1,0.0,2,4,7.99,0.0,0.0,1,2
224,357.0,1,43,1,1,6.97,6.97,1,0.0,3,7,6.97,0.0,0.0,2,2
225,359.0,3,43,2,2,54.69,27.345,2,56.0,3,7,27.345,3.740594872476836,5.289999999999999,2,2
226,363.0,1,92,1,1,8.99,8.99,1,0.0,3,6,8.99,0.0,0.0,2,2
227,365.0,1,51,1,1,5.23,5.23,1,0.0,2,20,5.23,0.0,0.0,2,2
228,367.0,3,3,2,2,46.790000000000006,23.395000000000003,2,75.0,1,7,23.395000000000003,9.934850275670994,-14.05,2,2
229,369.0,1,30,1,1,0.98,0.98,1,0.0,2,20,0.98,0.0,0.0,1,2
230,372.0,1,107,1,1,38.0,38.0,1,0.0,2,1,38.0,0.0,0.0,2,2
231,373.0,3,7,2,2,42.66,21.33,2,85.0,3,0,21.33,27.36503243191939,38.7,2,2
232,375.0,1,114,1,1,114.95,114.95,1,0.0,2,6,114.95,0.0,0.0,2,2
233,378.0,2,42,2,2,43.58,21.79,2,66.0,1,9,21.79,0.212132034355966,0.3000000000000007,2,2
234,386.0,1,86,1,1,19.99,19.99,1,0.0,2,14,19.99,0.0,0.0,2,2
235,387.0,1,51,1,1,17.95,17.95,1,0.0,2,0,17.95,0.0,0.0,2,2
236,389.0,2,73,1,1,7.02,7.02,1,0.0,1,15,7.02,0.0,0.0,1,2
237,390.0,1,2,1,1,10.17,10.17,1,0.0,2,11,10.17,0.0,0.0,2,2
238,391.0,1,51,1,1,12.5,12.5,1,0.0,2,0,12.5,0.0,0.0,2,2
239,392.0,1,43,1,1,57.95,57.95,1,0.0,3,3,57.95,0.0,0.0,2,2
240,395.0,1,59,1,1,26.99,26.99,1,0.0,1,15,26.99,0.0,0.0,2,2
241,398.0,2,45,2,2,46.81,23.405,2,48.0,1,0,23.405,15.945257915756644,-22.55,2,2
242,400.0,1,73,1,1,71.79,71.79,1,0.0,1,16,71.79,0.0,0.0,2,2
243,401.0,1,93,1,1,5.17,5.17,1,0.0,2,0,5.17,0.0,0.0,1,2
244,402.0,1,79,1,1,14.5,14.5,1,0.0,2,23,14.5,0.0,0.0,2,2
245,404.0,3,79,1,1,15.99,15.99,1,0.0,2,14,15.99,0.0,0.0,2,2
246,405.0,1,6,1,1,22.19,22.19,1,0.0,5,7,22.19,0.0,0.0,3,2
247,406.0,1,7,1,1,17.18,17.18,1,0.0,4,5,17.18,0.0,0.0,2,2
248,407.0,2,7,2,2,15.45,7.725,2,2.0,2,7,15.45,0.0,0.0,2,2
249,411.0,1,22,1,1,5.39,5.39,1,0.0,3,11,5.39,0.0,0.0,2,2
250,414.0,1,93,1,1,48.18,48.18,1,0.0,2,8,48.18,0.0,0.0,2,2
251,415.0,2,86,1,1,48.99,48.99,1,0.0,2,11,48.99,0.0,0.0,2,2
252,417.0,2,93,2,2,28.44,14.22,2,29.0,1,2,14.22,7.467047609329943,10.56,2,2
253,419.0,2,1,2,2,32.52,16.26,2,119.0,3,0,16.26,10.2813325984524,14.54,2,2
254,423.0,1,64,1,1,14.69,14.69,1,0.0,3,15,14.69,0.0,0.0,2,2
255,425.0,1,0,1,1,40.5,40.5,1,0.0,4,0,40.5,0.0,0.0,2,2
256,427.0,1,99,1,1,87.34,87.34,1,0.0,3,2,87.34,0.0,0.0,2,2
257,428.0,1,92,1,1,24.76,24.76,1,0.0,3,5,24.76,0.0,0.0,2,2
258,429.0,2,2,1,1,16.48,16.48,1,0.0,2,16,16.48,0.0,0.0,2,2
259,430.0,1,114,1,1,16.92,16.92,1,0.0,2,4,16.92,0.0,0.0,2,2
260,435.0,1,51,1,1,4.97,4.97,1,0.0,2,19,4.97,0.0,0.0,1,2
261,436.0,1,93,1,1,19.34,19.34,1,0.0,2,11,19.34,0.0,0.0,2,2
262,437.0,2,114,2,2,136.79,68.395,2,7.0,2,5,136.79,0.0,0.0,3,2
263,438.0,2,107,2,2,56.69,28.345,2,0.0,2,1,56.69,0.0,0.0,2,2
264,439.0,1,92,1,1,10.99,10.99,1,0.0,3,13,10.99,0.0,0.0,2,2
265,441.0,1,43,1,1,25.53,25.53,1,0.0,3,1,25.53,0.0,0.0,2,2
266,446.0,1,128,1,1,11.97,11.97,1,0.0,2,6,11.97,0.0,0.0,2,2
267,447.0,1,92,1,1,18.24,18.24,1,0.0,3,10,18.24,0.0,0.0,2,2
268,448.0,1,79,1,1,15.93,15.93,1,0.0,2,4,15.93,0.0,0.0,2,2
269,449.0,1,122,1,1,15.99,15.99,1,0.0,1,21,15.99,0.0,0.0,2,2
270,454.0,1,114,1,1,10.99,10.99,1,0.0,2,4,10.99,0.0,0.0,2,2
271,461.0,1,7,1,1,32.97,32.97,1,0.0,4,11,32.97,0.0,0.0,2,2
272,464.0,1,37,1,1,14.01,14.01,1,0.0,2,17,14.01,0.0,0.0,2,2
273,465.0,1,92,1,1,11.33,11.33,1,0.0,3,7,11.33,0.0,0.0,2,2
274,467.0,1,122,1,1,25.79,25.79,1,0.0,1,20,25.79,0.0,0.0,2,2
275,468.0,1,114,1,1,22.94,22.94,1,0.0,2,9,22.94,0.0,0.0,3,2
276,469.0,2,79,2,2,38.32,19.16,2,7.0,2,3,38.32,0.0,0.0,2,2
277,471.0,1,15,1,1,10.99,10.99,1,0.0,3,15,10.99,0.0,0.0,2,2
278,473.0,1,79,1,1,8.97,8.97,1,0.0,2,15,8.97,0.0,0.0,1,2
279,475.0,1,51,1,1,6.97,6.97,1,0.0,2,9,6.97,0.0,0.0,2,2
280,476.0,1,128,1,1,18.33,18.33,1,0.0,2,6,18.33,0.0,0.0,1,2
281,477.0,2,44,2,2,23.09,11.545,2,64.0,1,1,11.545,7.926667017101196,-11.209999999999996,2,2
282,483.0,1,121,1,1,7.98,7.98,1,0.0,2,14,7.98,0.0,0.0,2,2
283,485.0,2,15,2,2,66.94,33.47,2,71.0,2,12,33.47,16.235171696043132,-22.960000000000004,2,2
284,486.0,1,1,1,1,7.49,7.49,1,0.0,3,22,7.49,0.0,0.0,2,2
285,490.0,2,9,2,2,13.94,6.970000000000001,2,112.0,2,13,6.970000000000001,2.828427124746191,-4.000000000000001,1,2
286,493.0,2,8,2,2,66.9,33.45,2,58.0,1,5,33.45,16.263455967290597,23.000000000000004,2,2
287,495.0,1,115,1,1,49.97,49.97,1,0.0,1,21,49.97,0.0,0.0,2,2
288,497.0,2,99,1,1,86.49,86.49,1,0.0,3,0,86.49,0.0,0.0,2,2
289,501.0,2,58,2,2,35.83,17.915,2,70.0,2,8,17.915,2.877924599429248,4.069999999999999,2,2
290,502.0,1,64,1,1,32.71,32.71,1,0.0,3,19,32.71,0.0,0.0,2,2
291,505.0,1,6,1,1,15.95,15.95,1,0.0,5,0,15.95,0.0,0.0,2,2
292,506.0,1,86,1,1,11.96,11.96,1,0.0,2,10,11.96,0.0,0.0,2,2
293,507.0,1,106,1,1,24.19,24.19,1,0.0,3,3,24.19,0.0,0.0,1,2
294,509.0,1,1,1,1,20.78,20.78,1,0.0,3,0,20.78,0.0,0.0,3,2
295,511.0,1,65,1,1,12.88,12.88,1,0.0,2,12,12.88,0.0,0.0,2,2
296,512.0,1,7,1,1,20.13,20.13,1,0.0,4,18,20.13,0.0,0.0,3,2
297,513.0,2,8,2,2,188.64,94.32,2,78.0,2,15,94.32,110.77534834068454,-156.66000000000005,2,2
298,514.0,1,51,1,1,11.98,11.98,1,0.0,2,5,11.98,0.0,0.0,2,2
299,516.0,1,107,1,1,44.0,44.0,1,0.0,2,12,44.0,0.0,0.0,2,2
300,525.0,1,37,1,1,17.99,17.99,1,0.0,2,8,17.99,0.0,0.0,2,2
301,527.0,2,44,2,2,18.58,9.29,2,42.0,2,14,9.29,0.4242640687119276,-0.5999999999999996,2,2
302,531.0,1,121,1,1,12.79,12.79,1,0.0,2,16,12.79,0.0,0.0,2,2
303,532.0,1,94,1,1,23.53,23.53,1,0.0,1,20,23.53,0.0,0.0,3,2
304,538.0,3,30,3,3,94.78,31.593333333333334,3,42.0,2,6,31.593333333333334,33.34225597246433,-30.019999999999992,2,2
305,544.0,3,64,3,3,137.64,45.88,3,28.0,2,0,45.88,67.45423114972107,-1.0500000000000007,2,2
306,547.0,1,114,1,1,5.48,5.48,1,0.0,2,2,5.48,0.0,0.0,1,2
307,548.0,2,24,2,2,20.31,10.155,2,68.0,1,4,10.155,3.7688791437242983,-5.33,2,2
308,553.0,1,51,1,1,47.0,47.0,1,0.0,2,5,47.0,0.0,0.0,2,2
309,554.0,1,51,1,1,26.47,26.47,1,0.0,2,9,26.47,0.0,0.0,3,2
310,556.0,2,114,2,2,38.78,19.39,2,1.0,1,9,38.78,0.0,0.0,2,2
311,557.0,2,72,1,1,30.24,30.24,1,0.0,2,11,30.24,0.0,0.0,3,2
312,558.0,2,79,2,2,8.61,4.305,2,21.0,2,14,4.305,0.4737615433949863,-0.6699999999999995,2,2
313,559.0,1,1,1,1,16.95,16.95,1,0.0,3,11,16.95,0.0,0.0,2,2
314,562.0,1,71,1,1,14.19,14.19,1,0.0,3,3,14.19,0.0,0.0,2,2
315,563.0,1,114,1,1,5.47,5.47,1,0.0,2,10,5.47,0.0,0.0,2,2
316,565.0,1,30,1,1,9.36,9.36,1,0.0,2,6,9.36,0.0,0.0,2,2
317,568.0,1,78,1,1,14.0,14.0,1,0.0,3,0,14.0,0.0,0.0,2,2
318,569.0,3,51,3,3,135.82999999999998,45.27666666666666,3,32.0,2,1,67.91499999999999,49.51868788649392,70.03,2,2
319,570.0,1,93,1,1,11.99,11.99,1,0.0,2,20,11.99,0.0,0.0,2,2
320,575.0,2,43,2,2,56.96,28.48,2,64.0,2,6,28.48,33.24816085139147,47.02,2,2
321,579.0,1,71,1,1,13.56,13.56,1,0.0,3,4,13.56,0.0,0.0,2,2
322,582.0,2,72,2,2,34.93,17.465,2,1.0,1,0,34.93,0.0,0.0,1,2
323,585.0,1,100,1,1,29.99,29.99,1,0.0,2,23,29.99,0.0,0.0,2,2
324,586.0,1,122,1,1,24.95,24.95,1,0.0,1,15,24.95,0.0,0.0,2,2
325,589.0,2,42,1,1,16.47,16.47,1,0.0,4,8,16.47,0.0,0.0,2,2
326,590.0,1,37,1,1,9.5,9.5,1,0.0,2,16,9.5,0.0,0.0,2,2
327,592.0,1,7,1,1,18.99,18.99,1,0.0,4,13,18.99,0.0,0.0,2,2
328,595.0,1,44,1,1,46.0,46.0,1,0.0,2,19,46.0,0.0,0.0,3,2
329,601.0,1,107,1,1,19.48,19.48,1,0.0,2,23,19.48,0.0,0.0,2,2
330,603.0,1,45,1,1,6.48,6.48,1,0.0,1,20,6.48,0.0,0.0,2,2
331,607.0,1,107,1,1,6.35,6.35,1,0.0,2,2,6.35,0.0,0.0,2,2
332,611.0,1,99,1,1,12.51,12.51,1,0.0,3,0,12.51,0.0,0.0,2,2
333,612.0,1,107,1,1,20.36,20.36,1,0.0,2,19,20.36,0.0,0.0,3,2
334,613.0,3,30,2,2,33.66,16.83,2,57.0,1,7,16.83,14.34012552246318,-20.28,2,2
335,614.0,1,99,1,1,22.0,22.0,1,0.0,3,2,22.0,0.0,0.0,2,2
336,615.0,2,44,2,2,40.57,20.285,2,55.0,2,5,20.285,17.911014767455253,25.33,2,2
337,618.0,1,37,1,1,9.8,9.8,1,0.0,2,1,9.8,0.0,0.0,1,2
338,619.0,2,78,2,2,96.5,48.25,2,30.0,1,0,48.25,58.68986283848344,83.0,2,2
339,620.0,1,64,1,1,6.58,6.58,1,0.0,3,12,6.58,0.0,0.0,2,2
340,621.0,1,79,1,1,150.0,150.0,1,0.0,2,4,150.0,0.0,0.0,5,2
341,622.0,1,52,1,1,5.98,5.98,1,0.0,1,17,5.98,0.0,0.0,2,2
342,624.0,2,1,2,2,38.69,19.345,2,86.0,1,10,19.345,1.902117241391815,2.6900000000000013,2,2
343,629.0,2,8,2,2,33.25,16.625,2,44.0,1,13,16.625,13.696658351583425,19.37,2,2
344,630.0,2,51,2,2,18.14,9.07,2,20.0,2,11,9.07,4.850752518939716,6.86,2,2
345,638.0,1,80,1,1,5.88,5.88,1,0.0,1,21,5.88,0.0,0.0,1,2
346,646.0,2,51,1,1,80.27,80.27,1,0.0,2,9,80.27,0.0,0.0,4,2
347,647.0,1,42,1,1,14.99,14.99,1,0.0,4,6,14.99,0.0,0.0,2,2
348,648.0,3,22,3,3,63.24,21.08,3,36.0,1,19,21.08,3.880618507403171,3.88,2,2
349,649.0,1,93,1,1,6.9,6.9,1,0.0,2,2,6.9,0.0,0.0,2,2
350,654.0,1,10,1,1,3.47,3.47,1,0.0,1,18,3.47,0.0,0.0,2,2
351,655.0,2,86,1,1,6.55,6.55,1,0.0,2,5,6.55,0.0,0.0,2,2
352,661.0,2,64,2,2,21.77,10.885,2,58.0,1,2,10.885,7.219560235914649,10.21,2,2
353,662.0,1,108,1,1,8.88,8.88,1,0.0,1,14,8.88,0.0,0.0,2,2
354,663.0,1,79,1,1,18.44,18.44,1,0.0,2,4,18.44,0.0,0.0,2,2
355,666.0,1,52,1,1,1.54,1.54,1,0.0,1,14,1.54,0.0,0.0,1,2
356,669.0,3,42,2,2,20.37,10.185,2,79.0,2,6,10.185,7.290270914033305,-10.31,1,2
357,671.0,1,114,1,1,8.99,8.99,1,0.0,2,4,8.99,0.0,0.0,2,2
358,672.0,2,15,2,2,52.7,26.35,2,106.0,2,11,26.35,7.58018469431979,10.720000000000002,2,2
359,675.0,1,2,1,1,79.99,79.99,1,0.0,2,2,79.99,0.0,0.0,4,2
360,678.0,1,100,1,1,10.35,10.35,1,0.0,2,19,10.35,0.0,0.0,2,2
361,679.0,3,2,3,3,148.89,49.63,3,60.0,1,7,74.44500000000001,91.9026683508156,-129.97000000000003,2,2
362,680.0,2,8,2,2,53.74,26.87,2,120.0,2,3,26.87,29.599489860468875,41.86,2,2
363,683.0,2,43,1,1,6.37,6.37,1,0.0,3,7,6.37,0.0,0.0,1,2
364,684.0,1,30,1,1,9.99,9.99,1,0.0,2,10,9.99,0.0,0.0,2,2
365,686.0,1,51,1,1,9.99,9.99,1,0.0,2,14,9.99,0.0,0.0,2,2
366,687.0,1,128,1,1,33.0,33.0,1,0.0,2,0,33.0,0.0,0.0,2,2
367,689.0,2,38,2,2,71.48,35.74,2,84.0,1,20,35.74,33.6299985132322,-47.56,2,2
368,691.0,2,43,1,1,18.49,18.49,1,0.0,3,2,18.49,0.0,0.0,2,2
369,692.0,1,87,1,1,12.81,12.81,1,0.0,1,23,12.81,0.0,0.0,2,2
370,695.0,1,66,1,1,11.97,11.97,1,0.0,1,18,11.97,0.0,0.0,2,2
371,696.0,3,9,3,3,60.78,20.26,3,35.0,2,11,20.26,20.459357272407168,-16.915,2,2
372,698.0,2,73,1,1,5.38,5.38,1,0.0,1,21,5.38,0.0,0.0,2,2
373,700.0,1,22,1,1,25.89,25.89,1,0.0,3,18,25.89,0.0,0.0,2,2
374,701.0,1,114,1,1,57.95,57.95,1,0.0,2,7,57.95,0.0,0.0,3,2
375,702.0,1,58,1,1,7.99,7.99,1,0.0,2,4,7.99,0.0,0.0,2,2
376,703.0,2,51,1,1,11.22,11.22,1,0.0,2,11,11.22,0.0,0.0,2,2
377,704.0,2,43,2,2,43.98,21.99,2,8.0,2,5,43.98,0.0,0.0,2,2
378,705.0,1,93,1,1,39.98,39.98,1,0.0,2,15,39.98,0.0,0.0,2,2
379,708.0,1,93,1,1,9.1,9.1,1,0.0,2,11,9.1,0.0,0.0,1,2
380,709.0,1,121,1,1,48.09,48.09,1,0.0,2,19,48.09,0.0,0.0,2,2
381,714.0,1,114,1,1,54.39,54.39,1,0.0,2,7,54.39,0.0,0.0,2,2
382,715.0,2,65,2,2,32.57,16.285,2,56.0,2,4,16.285,7.488260812765538,-10.589999999999998,2,2
383,717.0,1,122,1,1,10.75,10.75,1,0.0,1,22,10.75,0.0,0.0,2,2
384,719.0,1,107,1,1,26.51,26.51,1,0.0,2,0,26.51,0.0,0.0,3,2
385,720.0,1,128,1,1,9.36,9.36,1,0.0,2,6,9.36,0.0,0.0,2,2
386,721.0,2,99,2,2,32.94,16.47,2,22.0,2,7,32.94,0.0,0.0,2,2
387,724.0,2,121,1,1,44.97,44.97,1,0.0,2,10,44.97,0.0,0.0,2,2
388,728.0,1,108,1,1,17.99,17.99,1,0.0,1,16,17.99,0.0,0.0,2,2
389,729.0,1,2,1,1,14.99,14.99,1,0.0,2,6,14.99,0.0,0.0,2,2
390,730.0,1,107,1,1,5.23,5.23,1,0.0,2,0,5.23,0.0,0.0,2,2
391,731.0,2,107,2,2,21.83,10.915,1,8.0,1,16,21.83,0.0,0.0,2,2
392,732.0,3,64,2,2,26.21,13.105,2,50.0,2,9,13.105,1.0677312395916874,-1.5099999999999998,2,2
393,735.0,4,2,4,4,88.15,22.0375,4,26.0,2,8,29.383333333333336,14.787874537381406,12.355,2,2
394,736.0,1,37,1,1,31.27,31.27,1,0.0,2,3,31.27,0.0,0.0,3,2
395,738.0,1,99,1,1,17.23,17.23,1,0.0,3,3,17.23,0.0,0.0,2,2
396,739.0,2,72,2,2,10.26,5.13,2,35.0,2,3,5.13,3.0547012947258847,4.32,2,2
397,742.0,1,107,1,1,32.0,32.0,1,0.0,2,20,32.0,0.0,0.0,2,2
398,743.0,1,92,1,1,4.97,4.97,1,0.0,3,13,4.97,0.0,0.0,1,2
399,746.0,1,128,1,1,47.44,47.44,1,0.0,2,2,47.44,0.0,0.0,2,2
400,748.0,2,73,2,2,11.97,5.984999999999999,2,48.0,1,16,5.984999999999999,1.3930003589374989,1.97,1,2
401,750.0,2,51,2,2,91.11,45.555,2,63.0,2,5,45.555,36.154369722068175,51.13000000000001,2,2
402,753.0,1,86,1,1,41.78,41.78,1,0.0,2,23,41.78,0.0,0.0,2,2
403,754.0,2,7,2,2,26.54,13.27,2,107.0,2,0,13.27,1.79605122421383,-2.539999999999999,2,2
404,755.0,1,7,1,1,17.67,17.67,1,0.0,4,0,17.67,0.0,0.0,2,2
405,758.0,2,17,2,2,22.26,11.13,2,98.0,1,19,11.13,2.630437226013957,-3.7200000000000006,1,2
406,762.0,1,121,1,1,12.17,12.17,1,0.0,2,9,12.17,0.0,0.0,2,2
407,763.0,1,38,1,1,18.7,18.7,1,0.0,1,21,18.7,0.0,0.0,2,2
408,765.0,1,107,1,1,15.99,15.99,1,0.0,2,21,15.99,0.0,0.0,2,2
409,768.0,2,86,2,2,41.49,20.745,2,28.0,2,7,20.745,13.088546519762994,-18.51,2,2
410,769.0,1,64,1,1,15.01,15.01,1,0.0,3,11,15.01,0.0,0.0,2,2
411,770.0,2,93,2,2,17.66,8.83,2,1.0,1,19,17.66,0.0,0.0,2,2
412,771.0,2,121,1,1,73.99,73.99,1,0.0,2,12,73.99,0.0,0.0,3,2
413,773.0,1,17,1,1,45.82,45.82,1,0.0,1,18,45.82,0.0,0.0,3,2
414,774.0,3,30,3,3,66.3,22.1,3,46.0,2,7,22.1,16.834687404285237,2.52,2,2
415,775.0,2,86,1,1,6.28,6.28,1,0.0,2,5,6.28,0.0,0.0,2,2
416,779.0,1,65,1,1,10.73,10.73,1,0.0,2,3,10.73,0.0,0.0,2,2
417,780.0,1,128,1,1,34.21,34.21,1,0.0,2,3,34.21,0.0,0.0,2,2
418,781.0,1,99,1,1,27.85,27.85,1,0.0,3,17,27.85,0.0,0.0,2,2
419,783.0,1,8,1,1,11.25,11.25,1,0.0,3,6,11.25,0.0,0.0,2,2
420,784.0,2,121,1,1,12.65,12.65,1,0.0,2,16,12.65,0.0,0.0,2,2
421,787.0,1,100,1,1,4.99,4.99,1,0.0,2,23,4.99,0.0,0.0,2,2
422,789.0,1,78,1,1,9.27,9.27,1,0.0,3,10,9.27,0.0,0.0,1,2
423,794.0,3,7,3,3,132.69,44.23,2,46.0,4,5,66.345,51.51272900944,72.85000000000001,2,2
424,796.0,1,43,1,1,18.8,18.8,1,0.0,3,6,18.8,0.0,0.0,2,2
425,798.0,2,114,2,2,50.42,25.21,2,0.0,2,7,50.42,0.0,0.0,2,2
426,799.0,2,99,2,2,21.17,10.585,2,1.0,2,0,21.17,0.0,0.0,2,2
427,800.0,1,31,1,1,16.04,16.04,1,0.0,1,20,16.04,0.0,0.0,2,2
428,802.0,1,114,1,1,6.29,6.29,1,0.0,2,11,6.29,0.0,0.0,2,2
429,803.0,1,72,1,1,3.0,3.0,1,0.0,2,15,3.0,0.0,0.0,2,2
430,804.0,1,8,1,1,35.49,35.49,1,0.0,3,15,35.49,0.0,0.0,2,2
431,805.0,1,86,1,1,12.81,12.81,1,0.0,2,11,12.81,0.0,0.0,2,2
432,806.0,2,108,2,2,10.62,5.3100000000000005,2,13.0,1,0,10.62,0.0,0.0,1,2
433,807.0,4,43,3,3,81.35,27.116666666666664,3,40.0,3,11,40.675,44.484087604445705,62.91,2,2
434,808.0,1,50,1,1,21.51,21.51,1,0.0,3,0,21.51,0.0,0.0,2,2
435,813.0,2,7,2,2,43.25,21.625,2,108.0,1,0,21.625,2.722361107568209,3.8500000000000014,2,2
436,815.0,1,22,1,1,23.34,23.34,1,0.0,3,18,23.34,0.0,0.0,2,2
437,817.0,1,80,1,1,29.03,29.03,1,0.0,1,19,29.03,0.0,0.0,3,2
438,823.0,2,30,1,1,38.99,38.99,1,0.0,2,2,38.99,0.0,0.0,2,2
439,825.0,1,42,1,1,24.33,24.33,1,0.0,4,9,24.33,0.0,0.0,2,2
440,826.0,2,42,2,2,13.16,6.58,2,79.0,2,2,6.58,6.236681810065349,-8.82,2,2
441,829.0,3,45,3,3,47.57,15.856666666666667,3,31.0,2,7,23.785,21.503117215882916,-30.410000000000004,2,2
442,830.0,2,72,2,2,53.580000000000005,26.790000000000003,2,56.0,2,4,26.790000000000003,16.687720036002524,23.6,2,2
443,833.0,2,52,2,2,33.98,16.99,2,69.0,1,11,16.99,0.0,0.0,2,2
444,837.0,1,92,1,1,20.0,20.0,1,0.0,3,10,20.0,0.0,0.0,2,2
445,838.0,1,78,1,1,16.99,16.99,1,0.0,3,0,16.99,0.0,0.0,2,2
446,839.0,1,38,1,1,11.79,11.79,1,0.0,1,21,11.79,0.0,0.0,2,2
447,840.0,1,2,1,1,9.95,9.95,1,0.0,2,2,9.95,0.0,0.0,1,2
448,844.0,2,7,2,2,30.21,15.105,2,64.0,3,6,15.105,14.51690221775982,20.53,2,2
449,846.0,2,86,2,2,23.1,11.55,2,29.0,1,17,11.55,5.048742417671948,7.139999999999999,2,2
450,848.0,2,58,2,2,17.490000000000002,8.745000000000001,2,21.0,2,11,8.745000000000001,4.603265145524423,6.51,2,2
451,851.0,4,30,4,4,101.95,25.4875,4,30.0,2,2,33.983333333333334,20.68243779957608,-16.445,2,2
452,852.0,1,93,1,1,71.04,71.04,1,0.0,2,23,71.04,0.0,0.0,4,2
453,857.0,2,128,1,1,8.3,8.3,1,0.0,2,8,8.3,0.0,0.0,2,2
454,858.0,3,71,3,3,68.2,22.73333333333333,3,14.0,1,3,34.1,16.786714985368636,23.74,2,2
455,859.0,2,64,2,2,37.48,18.74,2,42.0,3,0,18.74,15.697770542341356,22.2,2,2
456,861.0,1,121,1,1,12.46,12.46,1,0.0,2,1,12.46,0.0,0.0,2,2
457,865.0,1,93,1,1,24.0,24.0,1,0.0,2,20,24.0,0.0,0.0,3,2
458,866.0,2,85,2,2,12.41,6.205,2,23.0,1,5,6.205,0.0212132034355959,-0.0299999999999993,2,2
459,868.0,1,93,1,1,6.98,6.98,1,0.0,2,10,6.98,0.0,0.0,1,2
460,871.0,2,65,2,2,29.47,14.735,2,49.0,2,2,14.735,13.088546519762993,18.51,2,2
461,874.0,2,9,2,2,181.75,90.875,2,84.0,2,2,90.875,96.3432989366671,-136.25,2,2
462,875.0,1,2,1,1,44.98,44.98,1,0.0,2,15,44.98,0.0,0.0,2,2
463,877.0,3,64,3,3,30.88,10.293333333333331,3,32.0,2,2,10.293333333333331,5.0313053309586895,-1.975,2,2
464,882.0,2,43,2,2,51.09,25.545,2,56.0,3,5,25.545,4.094148263070111,5.790000000000003,2,2
465,883.0,1,31,1,1,14.99,14.99,1,0.0,1,22,14.99,0.0,0.0,2,2
466,889.0,2,51,2,2,61.08,30.54,2,49.0,2,14,30.54,18.837324650809627,26.64,2,2
467,891.0,1,121,1,1,5.44,5.44,1,0.0,2,4,5.44,0.0,0.0,2,2
468,892.0,1,115,1,1,12.17,12.17,1,0.0,1,19,12.17,0.0,0.0,2,2
469,895.0,1,66,1,1,9.99,9.99,1,0.0,1,19,9.99,0.0,0.0,2,2
470,896.0,1,6,1,1,10.05,10.05,1,0.0,5,1,10.05,0.0,0.0,2,2
471,897.0,1,8,1,1,23.98,23.98,1,0.0,3,15,23.98,0.0,0.0,2,2
472,900.0,1,2,1,1,0.92,0.92,1,0.0,2,16,0.92,0.0,0.0,2,2
473,903.0,2,73,2,2,18.43,9.215,2,13.0,1,15,18.43,0.0,0.0,2,2
474,907.0,1,115,1,1,10.48,10.48,1,0.0,1,21,10.48,0.0,0.0,2,2
475,908.0,2,107,2,2,31.34,15.67,2,21.0,2,9,31.34,0.0,0.0,2,2
476,909.0,3,79,3,3,32.05,10.683333333333332,3,22.0,2,3,16.025,14.191633098414009,-20.07,2,2
477,914.0,1,65,1,1,25.99,25.99,1,0.0,2,23,25.99,0.0,0.0,2,2
478,917.0,1,58,1,1,17.99,17.99,1,0.0,2,9,17.99,0.0,0.0,2,2
479,918.0,2,17,2,2,31.89,15.945,2,90.0,1,19,15.945,5.168950570473664,-7.310000000000002,2,2
480,922.0,1,51,1,1,15.22,15.22,1,0.0,2,5,15.22,0.0,0.0,1,2
481,923.0,1,114,1,1,39.99,39.99,1,0.0,2,7,39.99,0.0,0.0,2,2
482,928.0,1,7,1,1,26.68,26.68,1,0.0,4,5,26.68,0.0,0.0,2,2
483,934.0,1,86,1,1,48.73,48.73,1,0.0,2,4,48.73,0.0,0.0,3,2
484,935.0,3,37,2,2,729.58,364.79,2,78.0,1,21,364.79,505.8076227183612,-715.32,2,2
485,936.0,1,99,1,1,6.87,6.87,1,0.0,3,9,6.87,0.0,0.0,2,2
486,938.0,1,37,1,1,3.97,3.97,1,0.0,2,0,3.97,0.0,0.0,1,2
487,939.0,3,72,3,3,68.55,22.85,3,18.0,2,6,34.275,20.979858197804862,-29.67,2,2
488,940.0,2,64,1,1,6.25,6.25,1,0.0,3,20,6.25,0.0,0.0,2,2
489,942.0,1,45,1,1,7.67,7.67,1,0.0,1,16,7.67,0.0,0.0,1,2
490,945.0,1,108,1,1,29.68,29.68,1,0.0,1,23,29.68,0.0,0.0,2,2
491,946.0,1,114,1,1,41.37,41.37,1,0.0,2,5,41.37,0.0,0.0,3,2
492,950.0,1,58,1,1,31.95,31.95,1,0.0,2,8,31.95,0.0,0.0,2,2
493,951.0,1,107,1,1,7.1,7.1,1,0.0,2,12,7.1,0.0,0.0,2,2
494,952.0,1,7,1,1,9.43,9.43,1,0.0,4,18,9.43,0.0,0.0,1,2
495,953.0,3,44,2,2,27.3,13.65,2,56.0,2,9,13.65,11.794541110191613,16.68,2,2
496,956.0,1,58,1,1,31.98,31.98,1,0.0,2,1,31.98,0.0,0.0,2,2
497,957.0,3,16,2,2,57.13,28.565,2,0.0,2,4,57.13,0.0,0.0,2,2
498,959.0,1,58,1,1,6.65,6.65,1,0.0,2,20,6.65,0.0,0.0,1,2
499,960.0,1,31,1,1,17.95,17.95,1,0.0,1,16,17.95,0.0,0.0,2,2
500,962.0,1,65,1,1,7.99,7.99,1,0.0,2,8,7.99,0.0,0.0,1,2
501,963.0,2,2,2,2,83.18,41.59,2,77.0,2,5,41.59,14.354267658086917,20.3,2,2
502,964.0,4,30,4,4,62.86,15.715,4,23.0,3,6,20.953333333333333,24.26582439014453,-21.49,2,2
503,967.0,2,0,1,1,4.84,4.84,1,0.0,4,0,4.84,0.0,0.0,1,2
504,968.0,1,58,1,1,36.99,36.99,1,0.0,2,14,36.99,0.0,0.0,2,2
505,969.0,1,99,1,1,157.56,157.56,1,0.0,3,10,157.56,0.0,0.0,4,2
506,971.0,1,128,1,1,8.14,8.14,1,0.0,2,8,8.14,0.0,0.0,2,2
507,972.0,1,30,1,1,15.01,15.01,1,0.0,2,3,15.01,0.0,0.0,2,2
508,976.0,1,65,1,1,46.99,46.99,1,0.0,2,22,46.99,0.0,0.0,2,2
509,978.0,2,7,2,2,52.39,26.195,2,73.0,1,1,26.195,21.50311721588291,30.41,2,2
510,982.0,1,79,1,1,29.26,29.26,1,0.0,2,14,29.26,0.0,0.0,2,2
511,983.0,1,15,1,1,9.0,9.0,1,0.0,3,3,9.0,0.0,0.0,2,2
512,985.0,2,73,2,2,32.01,16.005,2,14.0,1,20,32.01,0.0,0.0,2,2
513,986.0,1,108,1,1,11.97,11.97,1,0.0,1,21,11.97,0.0,0.0,2,2
514,987.0,1,43,1,1,6.99,6.99,1,0.0,3,7,6.99,0.0,0.0,2,2
515,988.0,1,79,1,1,13.97,13.97,1,0.0,2,18,13.97,0.0,0.0,2,2
516,991.0,1,65,1,1,14.85,14.85,1,0.0,2,0,14.85,0.0,0.0,2,2
517,993.0,1,128,1,1,36.0,36.0,1,0.0,2,8,36.0,0.0,0.0,2,2
518,994.0,2,79,2,2,53.92,26.96,2,7.0,2,17,53.92,0.0,0.0,2,2
519,995.0,1,79,1,1,21.81,21.81,1,0.0,2,14,21.81,0.0,0.0,2,2
520,999.0,1,79,1,1,7.19,7.19,1,0.0,2,16,7.19,0.0,0.0,1,2
521,1061.0,1,8,1,1,17.99,17.99,1,0.0,3,10,17.99,0.0,0.0,2,2
522,1110.0,1,108,1,1,9.99,9.99,1,0.0,1,20,9.99,0.0,0.0,2,2
523,1142.0,1,37,1,1,2.42,2.42,1,0.0,2,1,2.42,0.0,0.0,2,2
524,1187.0,1,1,1,1,7.99,7.99,1,0.0,3,23,7.99,0.0,0.0,2,2
525,1211.0,1,30,1,1,20.32,20.32,1,0.0,2,8,20.32,0.0,0.0,2,2
526,1241.0,1,9,1,1,5.43,5.43,1,0.0,2,4,5.43,0.0,0.0,1,2
527,1246.0,1,8,1,1,28.96,28.96,1,0.0,3,22,28.96,0.0,0.0,2,2
528,1257.0,1,114,1,1,28.82,28.82,1,0.0,2,7,28.82,0.0,0.0,2,2
529,1299.0,1,44,1,1,64.9,64.9,1,0.0,2,20,64.9,0.0,0.0,2,2
530,1310.0,1,107,1,1,12.8,12.8,1,0.0,2,23,12.8,0.0,0.0,2,2
531,1332.0,1,64,1,1,24.83,24.83,1,0.0,3,15,24.83,0.0,0.0,3,2
532,1365.0,1,31,1,1,39.99,39.99,1,0.0,1,19,39.99,0.0,0.0,2,2
533,1370.0,1,6,1,1,6.88,6.88,1,0.0,5,1,6.88,0.0,0.0,2,2
534,1396.0,1,6,1,1,7.39,7.39,1,0.0,5,0,7.39,0.0,0.0,2,2
535,1403.0,1,99,1,1,114.99,114.99,1,0.0,3,14,114.99,0.0,0.0,5,2
536,1443.0,1,30,1,1,14.75,14.75,1,0.0,2,6,14.75,0.0,0.0,2,2
537,1459.0,1,128,1,1,6.98,6.98,1,0.0,2,1,6.98,0.0,0.0,1,2
538,1505.0,1,65,1,1,19.29,19.29,1,0.0,2,22,19.29,0.0,0.0,2,2
539,1508.0,1,64,1,1,15.0,15.0,1,0.0,3,12,15.0,0.0,0.0,2,2
540,1521.0,1,66,1,1,14.43,14.43,1,0.0,1,20,14.43,0.0,0.0,2,2
541,1550.0,1,45,1,1,5.97,5.97,1,0.0,1,20,5.97,0.0,0.0,2,2
542,1589.0,1,44,1,1,7.99,7.99,1,0.0,2,22,7.99,0.0,0.0,2,2
543,1601.0,2,86,2,2,17.009999999999998,8.504999999999999,2,14.0,2,14,8.504999999999999,4.9992449429888905,7.069999999999999,2,2
544,1612.0,1,16,1,1,28.48,28.48,1,0.0,2,4,28.48,0.0,0.0,3,2
545,1659.0,1,79,1,1,6.99,6.99,1,0.0,2,15,6.99,0.0,0.0,2,2
546,1666.0,1,86,1,1,12.0,12.0,1,0.0,2,1,12.0,0.0,0.0,2,2
547,1679.0,1,30,1,1,8.07,8.07,1,0.0,2,2,8.07,0.0,0.0,2,2
548,1691.0,1,7,1,1,36.0,36.0,1,0.0,4,5,36.0,0.0,0.0,3,2
549,1700.0,1,43,1,1,28.99,28.99,1,0.0,3,5,28.99,0.0,0.0,2,2
550,1707.0,1,114,1,1,4.76,4.76,1,0.0,2,11,4.76,0.0,0.0,2,2
551,1719.0,1,128,1,1,49.96,49.96,1,0.0,2,5,49.96,0.0,0.0,2,2
552,1757.0,1,107,1,1,21.22,21.22,1,0.0,2,1,21.22,0.0,0.0,3,2
553,1820.0,1,114,1,1,41.95,41.95,1,0.0,2,7,41.95,0.0,0.0,3,2
554,1840.0,1,37,1,1,11.44,11.44,1,0.0,2,1,11.44,0.0,0.0,1,2
555,1855.0,1,7,1,1,18.38,18.38,1,0.0,4,23,18.38,0.0,0.0,2,2
556,1870.0,1,79,1,1,13.94,13.94,1,0.0,2,9,13.94,0.0,0.0,2,2
557,1893.0,1,121,1,1,6.86,6.86,1,0.0,2,12,6.86,0.0,0.0,1,2
558,1896.0,1,52,1,1,17.68,17.68,1,0.0,1,17,17.68,0.0,0.0,2,2
559,1904.0,1,24,1,1,6.71,6.71,1,0.0,1,21,6.71,0.0,0.0,1,2
560,1929.0,1,115,1,1,23.99,23.99,1,0.0,1,19,23.99,0.0,0.0,2,2
561,1933.0,1,9,1,1,9.3,9.3,1,0.0,2,5,9.3,0.0,0.0,2,2
562,1948.0,1,92,1,1,6.99,6.99,1,0.0,3,5,6.99,0.0,0.0,1,2
563,1956.0,1,92,1,1,19.99,19.99,1,0.0,3,3,19.99,0.0,0.0,2,2
564,1983.0,1,128,1,1,57.62,57.62,1,0.0,2,2,57.62,0.0,0.0,2,2
565,2031.0,1,100,1,1,5.27,5.27,1,0.0,2,16,5.27,0.0,0.0,1,2
566,2063.0,1,86,1,1,19.59,19.59,1,0.0,2,18,19.59,0.0,0.0,2,2
567,2070.0,1,80,1,1,24.95,24.95,1,0.0,1,14,24.95,0.0,0.0,3,2
568,2071.0,1,37,1,1,24.99,24.99,1,0.0,2,20,24.99,0.0,0.0,2,2
569,2086.0,1,10,1,1,9.48,9.48,1,0.0,1,22,9.48,0.0,0.0,2,2
570,2125.0,1,108,1,1,9.97,9.97,1,0.0,1,14,9.97,0.0,0.0,1,2
571,2155.0,1,92,1,1,33.71,33.71,1,0.0,3,5,33.71,0.0,0.0,2,2
572,2174.0,1,93,1,1,11.39,11.39,1,0.0,2,7,11.39,0.0,0.0,2,2
573,2189.0,1,37,1,1,19.68,19.68,1,0.0,2,20,19.68,0.0,0.0,2,2
574,2205.0,1,79,1,1,5.84,5.84,1,0.0,2,19,5.84,0.0,0.0,2,2
575,2221.0,1,64,1,1,35.99,35.99,1,0.0,3,5,35.99,0.0,0.0,3,2
576,2276.0,1,121,1,1,6.92,6.92,1,0.0,2,17,6.92,0.0,0.0,2,2
577,2324.0,1,7,1,1,7.64,7.64,1,0.0,4,14,7.64,0.0,0.0,1,2
578,2357.0,1,42,1,1,29.25,29.25,1,0.0,4,5,29.25,0.0,0.0,3,2
579,2380.0,1,108,1,1,6.5,6.5,1,0.0,1,23,6.5,0.0,0.0,1,2
580,2386.0,1,42,1,1,28.06,28.06,1,0.0,4,5,28.06,0.0,0.0,2,2
581,2455.0,1,86,1,1,13.14,13.14,1,0.0,2,0,13.14,0.0,0.0,2,2
582,2466.0,1,121,1,1,24.99,24.99,1,0.0,2,10,24.99,0.0,0.0,2,2
583,2506.0,1,15,1,1,21.99,21.99,1,0.0,3,11,21.99,0.0,0.0,2,2
584,2565.0,1,52,1,1,9.99,9.99,1,0.0,1,23,9.99,0.0,0.0,2,2
585,2567.0,1,37,1,1,5.24,5.24,1,0.0,2,19,5.24,0.0,0.0,1,2
586,2671.0,1,114,1,1,2.46,2.46,1,0.0,2,10,2.46,0.0,0.0,2,2
587,2694.0,1,66,1,1,15.73,15.73,1,0.0,1,20,15.73,0.0,0.0,2,2
588,2771.0,1,108,1,1,14.99,14.99,1,0.0,1,19,14.99,0.0,0.0,2,2
589,2775.0,1,99,1,1,8.26,8.26,1,0.0,3,5,8.26,0.0,0.0,2,2
590,2778.0,1,37,1,1,5.28,5.28,1,0.0,2,13,5.28,0.0,0.0,2,2
591,2783.0,1,42,1,1,11.49,11.49,1,0.0,4,1,11.49,0.0,0.0,2,2
592,2799.0,1,64,1,1,13.58,13.58,1,0.0,3,17,13.58,0.0,0.0,2,2
593,2879.0,1,58,1,1,17.79,17.79,1,0.0,2,11,17.79,0.0,0.0,2,2
594,2909.0,1,86,1,1,18.14,18.14,1,0.0,2,4,18.14,0.0,0.0,2,2
595,2921.0,1,93,1,1,11.39,11.39,1,0.0,2,4,11.39,0.0,0.0,2,2
596,2947.0,1,100,1,1,19.99,19.99,1,0.0,2,21,19.99,0.0,0.0,2,2
597,2978.0,1,37,1,1,38.9,38.9,1,0.0,2,4,38.9,0.0,0.0,3,2
598,3065.0,1,86,1,1,8.07,8.07,1,0.0,2,22,8.07,0.0,0.0,2,2
599,3119.0,1,15,1,1,5.64,5.64,1,0.0,3,16,5.64,0.0,0.0,1,2
600,3191.0,1,65,1,1,10.98,10.98,1,0.0,2,3,10.98,0.0,0.0,2,2
601,3195.0,1,92,1,1,18.8,18.8,1,0.0,3,4,18.8,0.0,0.0,2,2
602,3197.0,1,107,1,1,34.47,34.47,1,0.0,2,6,34.47,0.0,0.0,2,2
603,3216.0,1,99,1,1,26.83,26.83,1,0.0,3,11,26.83,0.0,0.0,2,2
604,3233.0,1,87,1,1,17.99,17.99,1,0.0,1,18,17.99,0.0,0.0,2,2
605,3248.0,1,108,1,1,79.99,79.99,1,0.0,1,20,79.99,0.0,0.0,2,2
606,3270.0,1,42,1,1,8.0,8.0,1,0.0,4,2,8.0,0.0,0.0,2,2
607,3286.0,1,51,1,1,25.47,25.47,1,0.0,2,15,25.47,0.0,0.0,2,2
608,3305.0,1,66,1,1,5.52,5.52,1,0.0,1,18,5.52,0.0,0.0,1,2
609,3311.0,1,99,1,1,14.77,14.77,1,0.0,3,7,14.77,0.0,0.0,2,2
610,3328.0,1,100,1,1,19.66,19.66,1,0.0,2,14,19.66,0.0,0.0,2,2
611,3330.0,1,9,1,1,11.27,11.27,1,0.0,2,2,11.27,0.0,0.0,2,2
612,3356.0,1,107,1,1,16.73,16.73,1,0.0,2,16,16.73,0.0,0.0,2,2
613,3370.0,1,86,1,1,24.95,24.95,1,0.0,2,7,24.95,0.0,0.0,2,2
614,3385.0,1,114,1,1,0.1,0.1,1,0.0,2,1,0.1,0.0,0.0,1,2
615,3419.0,1,64,1,1,14.14,14.14,1,0.0,3,1,14.14,0.0,0.0,1,2
616,3428.0,1,128,1,1,6.99,6.99,1,0.0,2,7,6.99,0.0,0.0,2,2
617,3434.0,1,85,1,1,10.74,10.74,1,0.0,3,2,10.74,0.0,0.0,2,2
618,3470.0,1,128,1,1,7.88,7.88,1,0.0,2,5,7.88,0.0,0.0,2,2
619,3471.0,1,122,1,1,6.83,6.83,1,0.0,1,21,6.83,0.0,0.0,1,2
620,3482.0,1,73,1,1,42.76,42.76,1,0.0,1,18,42.76,0.0,0.0,2,2
621,3487.0,1,79,1,1,6.97,6.97,1,0.0,2,20,6.97,0.0,0.0,2,2
622,3514.0,1,93,1,1,8.95,8.95,1,0.0,2,18,8.95,0.0,0.0,2,2
623,3520.0,1,122,1,1,6.98,6.98,1,0.0,1,15,6.98,0.0,0.0,2,2
624,3567.0,1,86,1,1,22.55,22.55,1,0.0,2,10,22.55,0.0,0.0,3,2
625,3576.0,1,45,1,1,18.01,18.01,1,0.0,1,19,18.01,0.0,0.0,2,2
626,3579.0,1,51,1,1,12.95,12.95,1,0.0,2,3,12.95,0.0,0.0,2,2
627,3583.0,1,79,1,1,17.59,17.59,1,0.0,2,17,17.59,0.0,0.0,2,2
628,3594.0,1,72,1,1,33.2,33.2,1,0.0,2,5,33.2,0.0,0.0,3,2
629,3660.0,1,30,1,1,9.29,9.29,1,0.0,2,4,9.29,0.0,0.0,1,2
630,3680.0,1,17,1,1,19.97,19.97,1,0.0,1,19,19.97,0.0,0.0,2,2
631,3711.0,1,2,1,1,35.18,35.18,1,0.0,2,17,35.18,0.0,0.0,3,2
632,3770.0,1,72,1,1,45.99,45.99,1,0.0,2,8,45.99,0.0,0.0,2,2
633,3809.0,1,44,1,1,14.99,14.99,1,0.0,2,14,14.99,0.0,0.0,2,2
634,3817.0,1,30,1,1,9.0,9.0,1,0.0,2,11,9.0,0.0,0.0,2,2
635,3887.0,1,17,1,1,4.49,4.49,1,0.0,1,19,4.49,0.0,0.0,1,2
636,3935.0,1,15,1,1,31.5,31.5,1,0.0,3,1,31.5,0.0,0.0,3,2
637,3946.0,1,72,1,1,8.89,8.89,1,0.0,2,0,8.89,0.0,0.0,2,2
638,3951.0,1,45,1,1,24.95,24.95,1,0.0,1,16,24.95,0.0,0.0,2,2
639,3990.0,1,107,1,1,15.0,15.0,1,0.0,2,5,15.0,0.0,0.0,2,2
640,3999.0,1,92,1,1,14.43,14.43,1,0.0,3,11,14.43,0.0,0.0,2,2
641,4014.0,1,128,1,1,26.31,26.31,1,0.0,2,1,26.31,0.0,0.0,2,2
642,4061.0,1,107,1,1,13.98,13.98,1,0.0,2,5,13.98,0.0,0.0,2,2
643,4069.0,1,9,1,1,11.48,11.48,1,0.0,2,19,11.48,0.0,0.0,2,2
644,4080.0,1,42,1,1,10.99,10.99,1,0.0,4,5,10.99,0.0,0.0,2,2
645,4111.0,1,92,1,1,7.64,7.64,1,0.0,3,12,7.64,0.0,0.0,2,2
646,4115.0,1,52,1,1,4.99,4.99,1,0.0,1,20,4.99,0.0,0.0,2,2
647,4133.0,1,93,1,1,45.95,45.95,1,0.0,2,19,45.95,0.0,0.0,2,2
648,4170.0,1,51,1,1,8.75,8.75,1,0.0,2,23,8.75,0.0,0.0,2,2
649,4212.0,1,92,1,1,5.55,5.55,1,0.0,3,5,5.55,0.0,0.0,2,2
650,4259.0,1,79,1,1,13.84,13.84,1,0.0,2,2,13.84,0.0,0.0,2,2
651,4274.0,1,79,1,1,29.78,29.78,1,0.0,2,6,29.78,0.0,0.0,3,2
652,4290.0,1,107,1,1,13.99,13.99,1,0.0,2,9,13.99,0.0,0.0,2,2
653,4306.0,1,7,1,1,603.99,603.99,1,0.0,4,14,603.99,0.0,0.0,2,2
654,4319.0,1,121,1,1,9.98,9.98,1,0.0,2,23,9.98,0.0,0.0,1,2
655,4363.0,1,2,1,1,8.44,8.44,1,0.0,2,2,8.44,0.0,0.0,2,2
656,4374.0,1,121,1,1,23.09,23.09,1,0.0,2,3,23.09,0.0,0.0,3,2
657,4380.0,1,85,1,1,4.79,4.79,1,0.0,3,4,4.79,0.0,0.0,2,2
658,4403.0,1,86,1,1,99.0,99.0,1,0.0,2,11,99.0,0.0,0.0,3,2
659,4477.0,1,51,1,1,11.22,11.22,1,0.0,2,7,11.22,0.0,0.0,2,2
660,4496.0,1,114,1,1,9.99,9.99,1,0.0,2,12,9.99,0.0,0.0,1,2
661,4501.0,1,115,1,1,14.52,14.52,1,0.0,1,19,14.52,0.0,0.0,2,2
662,4518.0,1,121,1,1,12.95,12.95,1,0.0,2,5,12.95,0.0,0.0,2,2
663,4557.0,1,92,1,1,7.5,7.5,1,0.0,3,7,7.5,0.0,0.0,1,2
664,4647.0,1,122,1,1,12.84,12.84,1,0.0,1,19,12.84,0.0,0.0,2,2
665,4706.0,1,65,1,1,9.99,9.99,1,0.0,2,12,9.99,0.0,0.0,1,2
666,4713.0,1,99,1,1,27.06,27.06,1,0.0,3,4,27.06,0.0,0.0,3,2
667,4718.0,1,122,1,1,6.83,6.83,1,0.0,1,20,6.83,0.0,0.0,2,2
668,4754.0,1,79,1,1,113.26,113.26,1,0.0,2,4,113.26,0.0,0.0,4,2
669,4759.0,1,99,1,1,11.91,11.91,1,0.0,3,0,11.91,0.0,0.0,2,2
670,4809.0,1,37,1,1,28.19,28.19,1,0.0,2,15,28.19,0.0,0.0,3,2
671,4876.0,1,66,1,1,80.53,80.53,1,0.0,1,19,80.53,0.0,0.0,3,2
672,4921.0,1,72,1,1,18.0,18.0,1,0.0,2,14,18.0,0.0,0.0,2,2
673,4982.0,1,30,1,1,81.99,81.99,1,0.0,2,0,81.99,0.0,0.0,2,2
674,4994.0,1,44,1,1,7.35,7.35,1,0.0,2,22,7.35,0.0,0.0,2,2
675,5201.0,1,92,1,1,15.95,15.95,1,0.0,3,5,15.95,0.0,0.0,2,2
676,5210.0,1,122,1,1,8.44,8.44,1,0.0,1,15,8.44,0.0,0.0,2,2
677,5214.0,1,58,1,1,44.95,44.95,1,0.0,2,9,44.95,0.0,0.0,2,2
678,5240.0,1,106,1,1,7.98,7.98,1,0.0,3,0,7.98,0.0,0.0,2,2
679,5244.0,1,78,1,1,18.63,18.63,1,0.0,3,5,18.63,0.0,0.0,2,2
680,5332.0,1,122,1,1,5.57,5.57,1,0.0,1,18,5.57,0.0,0.0,1,2
681,5362.0,1,72,1,1,25.99,25.99,1,0.0,2,15,25.99,0.0,0.0,3,2
682,5371.0,1,58,1,1,6.24,6.24,1,0.0,2,1,6.24,0.0,0.0,2,2
683,5378.0,1,99,1,1,24.49,24.49,1,0.0,3,18,24.49,0.0,0.0,2,2
684,5412.0,1,93,1,1,2.97,2.97,1,0.0,2,9,2.97,0.0,0.0,1,2
685,5456.0,1,64,1,1,28.0,28.0,1,0.0,3,4,28.0,0.0,0.0,3,2
686,5482.0,1,58,1,1,46.99,46.99,1,0.0,2,7,46.99,0.0,0.0,2,2
687,5497.0,1,122,1,1,10.99,10.99,1,0.0,1,15,10.99,0.0,0.0,2,2
688,5544.0,1,31,1,1,23.8,23.8,1,0.0,1,17,23.8,0.0,0.0,3,2
689,5596.0,1,43,1,1,9.68,9.68,1,0.0,3,4,9.68,0.0,0.0,1,2
690,5599.0,1,37,1,1,17.63,17.63,1,0.0,2,4,17.63,0.0,0.0,2,2
691,5602.0,1,10,1,1,18.99,18.99,1,0.0,1,18,18.99,0.0,0.0,2,2
692,5613.0,1,128,1,1,50.49,50.49,1,0.0,2,0,50.49,0.0,0.0,4,2
693,5644.0,1,7,1,1,4.97,4.97,1,0.0,4,5,4.97,0.0,0.0,2,2
694,5662.0,1,86,1,1,14.4,14.4,1,0.0,2,14,14.4,0.0,0.0,2,2
695,5714.0,1,93,1,1,10.95,10.95,1,0.0,2,19,10.95,0.0,0.0,1,2
696,5728.0,1,93,1,1,28.79,28.79,1,0.0,2,11,28.79,0.0,0.0,2,2
697,5780.0,1,64,1,1,8.1,8.1,1,0.0,3,2,8.1,0.0,0.0,1,2
698,5795.0,1,15,1,1,23.8,23.8,1,0.0,3,13,23.8,0.0,0.0,2,2
699,5819.0,1,100,1,1,4.8,4.8,1,0.0,2,14,4.8,0.0,0.0,2,2
700,5859.0,1,1,1,1,13.75,13.75,1,0.0,3,7,13.75,0.0,0.0,1,2
701,5882.0,1,71,1,1,9.34,9.34,1,0.0,3,11,9.34,0.0,0.0,2,2
702,5945.0,1,115,1,1,89.95,89.95,1,0.0,1,18,89.95,0.0,0.0,4,2
703,5959.0,1,73,1,1,9.92,9.92,1,0.0,1,15,9.92,0.0,0.0,1,2
704,6000.0,1,9,1,1,16.88,16.88,1,0.0,2,5,16.88,0.0,0.0,2,2
705,6026.0,1,128,1,1,19.99,19.99,1,0.0,2,4,19.99,0.0,0.0,2,2
706,6027.0,1,106,1,1,6.21,6.21,1,0.0,3,0,6.21,0.0,0.0,1,2
707,6046.0,1,30,1,1,33.54,33.54,1,0.0,2,15,33.54,0.0,0.0,3,2
708,6073.0,1,114,1,1,49.98,49.98,1,0.0,2,7,49.98,0.0,0.0,3,2
709,6100.0,1,31,1,1,4.99,4.99,1,0.0,1,23,4.99,0.0,0.0,1,2
710,6113.0,1,99,1,1,18.99,18.99,1,0.0,3,4,18.99,0.0,0.0,2,2
711,6124.0,1,121,1,1,6.39,6.39,1,0.0,2,9,6.39,0.0,0.0,2,2
712,6163.0,1,9,1,1,53.88,53.88,1,0.0,2,8,53.88,0.0,0.0,2,2
713,6208.0,1,115,1,1,28.99,28.99,1,0.0,1,19,28.99,0.0,0.0,2,2
714,6239.0,1,121,1,1,3.54,3.54,1,0.0,2,19,3.54,0.0,0.0,2,2
715,6250.0,1,86,1,1,13.66,13.66,1,0.0,2,17,13.66,0.0,0.0,2,2
716,6255.0,1,114,1,1,9.81,9.81,1,0.0,2,9,9.81,0.0,0.0,2,2
717,6275.0,1,8,1,1,16.95,16.95,1,0.0,3,8,16.95,0.0,0.0,2,2
718,6327.0,1,86,1,1,120.26,120.26,1,0.0,2,15,120.26,0.0,0.0,5,2
719,6382.0,1,100,1,1,70.12,70.12,1,0.0,2,19,70.12,0.0,0.0,2,2
720,6416.0,1,65,1,1,35.99,35.99,1,0.0,2,22,35.99,0.0,0.0,2,2
721,6418.0,1,72,1,1,23.45,23.45,1,0.0,2,9,23.45,0.0,0.0,2,2
722,6445.0,1,108,1,1,24.99,24.99,1,0.0,1,23,24.99,0.0,0.0,2,2
723,6452.0,1,72,1,1,10.5,10.5,1,0.0,2,23,10.5,0.0,0.0,2,2
724,6504.0,1,37,1,1,14.59,14.59,1,0.0,2,4,14.59,0.0,0.0,2,2
725,6507.0,1,86,1,1,44.95,44.95,1,0.0,2,1,44.95,0.0,0.0,2,2
726,6514.0,1,8,1,1,25.41,25.41,1,0.0,3,23,25.41,0.0,0.0,3,2
727,6520.0,1,128,1,1,3.99,3.99,1,0.0,2,3,3.99,0.0,0.0,2,2
728,6590.0,1,128,1,1,10.95,10.95,1,0.0,2,9,10.95,0.0,0.0,2,2
729,6634.0,1,43,1,1,13.38,13.38,1,0.0,3,10,13.38,0.0,0.0,2,2
730,6667.0,1,128,1,1,11.99,11.99,1,0.0,2,1,11.99,0.0,0.0,2,2
731,6669.0,1,121,1,1,5.59,5.59,1,0.0,2,9,5.59,0.0,0.0,1,2
732,6677.0,1,2,1,1,14.99,14.99,1,0.0,2,5,14.99,0.0,0.0,1,2
733,6731.0,1,122,1,1,25.99,25.99,1,0.0,1,17,25.99,0.0,0.0,2,2
734,6735.0,1,43,1,1,33.96,33.96,1,0.0,3,0,33.96,0.0,0.0,3,2
735,6745.0,1,114,1,1,29.89,29.89,1,0.0,2,7,29.89,0.0,0.0,2,2
736,6764.0,1,30,1,1,21.99,21.99,1,0.0,2,12,21.99,0.0,0.0,2,2
737,6779.0,1,7,1,1,5.99,5.99,1,0.0,4,14,5.99,0.0,0.0,2,2
738,6805.0,1,87,1,1,23.79,23.79,1,0.0,1,23,23.79,0.0,0.0,2,2
739,6807.0,1,94,1,1,10.99,10.99,1,0.0,1,23,10.99,0.0,0.0,2,2
740,6817.0,1,8,1,1,49.51,49.51,1,0.0,3,10,49.51,0.0,0.0,2,2
741,6842.0,1,9,1,1,27.93,27.93,1,0.0,2,7,27.93,0.0,0.0,2,2
742,6889.0,1,121,1,1,4.96,4.96,1,0.0,2,3,4.96,0.0,0.0,2,2
743,6921.0,1,86,1,1,5.99,5.99,1,0.0,2,15,5.99,0.0,0.0,1,2
744,6933.0,2,66,2,2,22.130000000000003,11.065,2,49.0,1,19,11.065,1.5344217151748087,-2.17,2,2
745,6938.0,1,108,1,1,14.18,14.18,1,0.0,1,18,14.18,0.0,0.0,2,2
746,6983.0,1,30,1,1,3.27,3.27,1,0.0,2,8,3.27,0.0,0.0,1,2
747,6991.0,1,79,1,1,24.85,24.85,1,0.0,2,1,24.85,0.0,0.0,2,2
748,7003.0,1,100,1,1,10.91,10.91,1,0.0,2,21,10.91,0.0,0.0,2,2
749,7054.0,1,86,1,1,34.0,34.0,1,0.0,2,14,34.0,0.0,0.0,2,2
750,7092.0,1,86,1,1,11.14,11.14,1,0.0,2,20,11.14,0.0,0.0,2,2
751,7094.0,1,99,1,1,23.95,23.95,1,0.0,3,1,23.95,0.0,0.0,2,2
752,7194.0,1,59,1,1,35.86,35.86,1,0.0,1,21,35.86,0.0,0.0,2,2
753,7197.0,1,8,1,1,48.35,48.35,1,0.0,3,5,48.35,0.0,0.0,3,2
754,7201.0,1,2,1,1,9.49,9.49,1,0.0,2,15,9.49,0.0,0.0,2,2
755,7221.0,1,114,1,1,6.99,6.99,1,0.0,2,10,6.99,0.0,0.0,2,2
756,7244.0,1,128,1,1,19.99,19.99,1,0.0,2,2,19.99,0.0,0.0,2,2
757,7246.0,1,100,1,1,11.95,11.95,1,0.0,2,14,11.95,0.0,0.0,2,2
758,7247.0,1,114,1,1,15.0,15.0,1,0.0,2,9,15.0,0.0,0.0,2,2
759,7257.0,1,43,1,1,17.44,17.44,1,0.0,3,1,17.44,0.0,0.0,3,2
760,7296.0,1,121,1,1,12.5,12.5,1,0.0,2,17,12.5,0.0,0.0,2,2
761,7301.0,1,99,1,1,50.47,50.47,1,0.0,3,14,50.47,0.0,0.0,2,2
762,7311.0,1,128,1,1,5.79,5.79,1,0.0,2,1,5.79,0.0,0.0,1,2
763,7315.0,1,73,1,1,5.95,5.95,1,0.0,1,21,5.95,0.0,0.0,2,2
764,7329.0,1,15,1,1,14.25,14.25,1,0.0,3,3,14.25,0.0,0.0,2,2
765,7352.0,1,87,1,1,18.58,18.58,1,0.0,1,20,18.58,0.0,0.0,2,2
766,7433.0,1,31,1,1,10.22,10.22,1,0.0,1,19,10.22,0.0,0.0,2,2
767,7482.0,1,121,1,1,15.99,15.99,1,0.0,2,15,15.99,0.0,0.0,2,2
768,7534.0,1,7,1,1,5.34,5.34,1,0.0,4,21,5.34,0.0,0.0,2,2
769,7544.0,1,9,1,1,6.94,6.94,1,0.0,2,17,6.94,0.0,0.0,2,2
770,7575.0,1,93,1,1,9.5,9.5,1,0.0,2,20,9.5,0.0,0.0,1,2
771,7590.0,1,79,1,1,8.97,8.97,1,0.0,2,16,8.97,0.0,0.0,1,2
772,7612.0,1,9,1,1,8.57,8.57,1,0.0,2,13,8.57,0.0,0.0,2,2
773,7630.0,1,31,1,1,13.99,13.99,1,0.0,1,22,13.99,0.0,0.0,2,2
774,7637.0,1,17,1,1,165.56,165.56,1,0.0,1,19,165.56,0.0,0.0,5,2
775,7650.0,1,121,1,1,0.5,0.5,1,0.0,2,15,0.5,0.0,0.0,1,2
776,7682.0,1,122,1,1,4.94,4.94,1,0.0,1,15,4.94,0.0,0.0,2,2
777,7849.0,1,122,1,1,18.95,18.95,1,0.0,1,16,18.95,0.0,0.0,1,2
778,7860.0,1,108,1,1,39.97,39.97,1,0.0,1,20,39.97,0.0,0.0,3,2
779,7884.0,1,108,1,1,39.99,39.99,1,0.0,1,18,39.99,0.0,0.0,2,2
780,7885.0,1,2,1,1,8.77,8.77,1,0.0,2,16,8.77,0.0,0.0,2,2
781,7896.0,1,31,1,1,8.97,8.97,1,0.0,1,20,8.97,0.0,0.0,2,2
782,7969.0,1,122,1,1,9.78,9.78,1,0.0,1,14,9.78,0.0,0.0,2,2
783,7976.0,1,87,1,1,14.94,14.94,1,0.0,1,19,14.94,0.0,0.0,2,2
784,7980.0,1,2,1,1,4.84,4.84,1,0.0,2,13,4.84,0.0,0.0,2,2
785,8043.0,1,122,1,1,11.97,11.97,1,0.0,1,16,11.97,0.0,0.0,2,2
786,8057.0,1,85,1,1,7.97,7.97,1,0.0,3,5,7.97,0.0,0.0,1,2
787,8084.0,1,64,1,1,12.8,12.8,1,0.0,3,20,12.8,0.0,0.0,2,2
788,8153.0,1,107,1,1,39.97,39.97,1,0.0,2,7,39.97,0.0,0.0,2,2
789,8181.0,1,2,1,1,13.95,13.95,1,0.0,2,15,13.95,0.0,0.0,2,2
790,8206.0,1,86,1,1,12.47,12.47,1,0.0,2,5,12.47,0.0,0.0,2,2
791,8225.0,1,122,1,1,23.78,23.78,1,0.0,1,22,23.78,0.0,0.0,2,2
792,8252.0,1,7,1,1,14.66,14.66,1,0.0,4,23,14.66,0.0,0.0,2,2
793,8273.0,1,93,1,1,8.97,8.97,1,0.0,2,20,8.97,0.0,0.0,2,2
794,8297.0,1,115,1,1,5.53,5.53,1,0.0,1,19,5.53,0.0,0.0,1,2
795,8382.0,1,114,1,1,28.98,28.98,1,0.0,2,4,28.98,0.0,0.0,3,2
796,8422.0,1,45,1,1,19.98,19.98,1,0.0,1,20,19.98,0.0,0.0,2,2
797,8439.0,1,107,1,1,38.98,38.98,1,0.0,2,6,38.98,0.0,0.0,3,2
798,8446.0,1,52,1,1,7.99,7.99,1,0.0,1,17,7.99,0.0,0.0,1,2
799,8452.0,1,64,1,1,29.9,29.9,1,0.0,3,19,29.9,0.0,0.0,2,2
800,8471.0,1,58,1,1,19.59,19.59,1,0.0,2,5,19.59,0.0,0.0,2,2
801,8481.0,1,115,1,1,15.81,15.81,1,0.0,1,23,15.81,0.0,0.0,2,2
802,8502.0,1,30,1,1,7.14,7.14,1,0.0,2,0,7.14,0.0,0.0,2,2
803,8604.0,1,72,1,1,23.99,23.99,1,0.0,2,4,23.99,0.0,0.0,2,2
804,8665.0,1,121,1,1,4.97,4.97,1,0.0,2,21,4.97,0.0,0.0,1,2
805,8745.0,1,93,1,1,5.97,5.97,1,0.0,2,20,5.97,0.0,0.0,2,2
806,8769.0,1,37,1,1,149.32,149.32,1,0.0,2,1,149.32,0.0,0.0,5,2
807,8794.0,1,79,1,1,6.97,6.97,1,0.0,2,4,6.97,0.0,0.0,1,2
808,8880.0,1,107,1,1,12.61,12.61,1,0.0,2,2,12.61,0.0,0.0,2,2
809,8897.0,1,52,1,1,5.99,5.99,1,0.0,1,17,5.99,0.0,0.0,2,2
810,8905.0,1,80,1,1,6.31,6.31,1,0.0,1,16,6.31,0.0,0.0,2,2
811,8983.0,1,114,1,1,150.78,150.78,1,0.0,2,7,150.78,0.0,0.0,5,2
812,8995.0,1,2,1,1,5.74,5.74,1,0.0,2,15,5.74,0.0,0.0,1,2
813,8996.0,1,10,1,1,9.98,9.98,1,0.0,1,18,9.98,0.0,0.0,2,2
814,9021.0,1,52,1,1,5.09,5.09,1,0.0,1,19,5.09,0.0,0.0,2,2
815,9023.0,1,10,1,1,10.1,10.1,1,0.0,1,18,10.1,0.0,0.0,2,2
816,9049.0,1,94,1,1,9.94,9.94,1,0.0,1,17,9.94,0.0,0.0,1,2
817,9098.0,1,86,1,1,45.95,45.95,1,0.0,2,1,45.95,0.0,0.0,3,2
818,9101.0,1,64,1,1,44.53,44.53,1,0.0,3,13,44.53,0.0,0.0,2,2
819,9104.0,1,128,1,1,27.1,27.1,1,0.0,2,2,27.1,0.0,0.0,2,2
820,9133.0,1,65,1,1,12.99,12.99,1,0.0,2,12,12.99,0.0,0.0,2,2
821,9135.0,1,65,1,1,14.99,14.99,1,0.0,2,7,14.99,0.0,0.0,2,2
822,9171.0,1,92,1,1,3.0,3.0,1,0.0,3,11,3.0,0.0,0.0,1,2
823,9204.0,1,80,1,1,21.68,21.68,1,0.0,1,17,21.68,0.0,0.0,2,2
824,9243.0,1,92,1,1,8.99,8.99,1,0.0,3,12,8.99,0.0,0.0,1,2
825,9255.0,1,58,1,1,26.17,26.17,1,0.0,2,22,26.17,0.0,0.0,2,2
826,9298.0,1,79,1,1,8.07,8.07,1,0.0,2,3,8.07,0.0,0.0,2,2
827,9326.0,1,2,1,1,43.91,43.91,1,0.0,2,18,43.91,0.0,0.0,2,2
828,9350.0,1,80,1,1,26.74,26.74,1,0.0,1,18,26.74,0.0,0.0,3,2
829,9388.0,1,72,1,1,6.97,6.97,1,0.0,2,3,6.97,0.0,0.0,1,2
830,9395.0,1,30,1,1,16.53,16.53,1,0.0,2,12,16.53,0.0,0.0,2,2
831,9398.0,1,59,1,1,0.87,0.87,1,0.0,1,17,0.87,0.0,0.0,2,2
832,9402.0,1,2,1,1,18.29,18.29,1,0.0,2,8,18.29,0.0,0.0,2,2
833,9404.0,2,107,1,1,27.99,27.99,1,0.0,2,6,27.99,0.0,0.0,3,2
834,9418.0,1,94,1,1,9.96,9.96,1,0.0,1,23,9.96,0.0,0.0,1,2
835,9419.0,1,92,1,1,8.43,8.43,1,0.0,3,11,8.43,0.0,0.0,2,2
836,9431.0,1,115,1,1,36.26,36.26,1,0.0,1,18,36.26,0.0,0.0,2,2
837,9452.0,1,44,1,1,10.49,10.49,1,0.0,2,16,10.49,0.0,0.0,2,2
838,9471.0,1,86,1,1,9.81,9.81,1,0.0,2,1,9.81,0.0,0.0,1,2
839,9479.0,1,87,1,1,92.03,92.03,1,0.0,1,22,92.03,0.0,0.0,4,2
840,9488.0,1,15,1,1,8.8,8.8,1,0.0,3,2,8.8,0.0,0.0,1,2
841,9513.0,1,85,1,1,4.98,4.98,1,0.0,3,5,4.98,0.0,0.0,2,2
842,9525.0,1,99,1,1,21.96,21.96,1,0.0,3,0,21.96,0.0,0.0,2,2
843,9588.0,1,15,1,1,16.87,16.87,1,0.0,3,12,16.87,0.0,0.0,2,2
844,9635.0,1,106,1,1,13.99,13.99,1,0.0,3,1,13.99,0.0,0.0,2,2
845,9672.0,1,79,1,1,12.99,12.99,1,0.0,2,12,12.99,0.0,0.0,2,2
846,9694.0,1,43,1,1,42.59,42.59,1,0.0,3,10,42.59,0.0,0.0,2,2
847,9702.0,1,128,1,1,23.99,23.99,1,0.0,2,1,23.99,0.0,0.0,2,2
848,9718.0,1,3,1,1,2.95,2.95,1,0.0,1,17,2.95,0.0,0.0,2,2
849,9720.0,1,78,1,1,22.08,22.08,1,0.0,3,0,22.08,0.0,0.0,3,2
850,9725.0,1,64,1,1,13.78,13.78,1,0.0,3,18,13.78,0.0,0.0,2,2
851,9731.0,1,87,1,1,83.18,83.18,1,0.0,1,22,83.18,0.0,0.0,2,2
852,9738.0,1,108,1,1,19.95,19.95,1,0.0,1,18,19.95,0.0,0.0,1,2
853,9767.0,1,64,1,1,25.76,25.76,1,0.0,3,12,25.76,0.0,0.0,2,2
854,9791.0,1,122,1,1,34.94,34.94,1,0.0,1,20,34.94,0.0,0.0,2,2
855,9795.0,1,31,1,1,10.99,10.99,1,0.0,1,20,10.99,0.0,0.0,2,2
856,9820.0,1,52,1,1,8.61,8.61,1,0.0,1,15,8.61,0.0,0.0,1,2
857,9827.0,1,64,1,1,53.91,53.91,1,0.0,3,13,53.91,0.0,0.0,3,2
858,9851.0,1,80,1,1,4.97,4.97,1,0.0,1,21,4.97,0.0,0.0,2,2
859,9884.0,1,80,1,1,19.99,19.99,1,0.0,1,19,19.99,0.0,0.0,2,2
860,9887.0,1,2,1,1,4.97,4.97,1,0.0,2,4,4.97,0.0,0.0,1,2
861,9905.0,1,31,1,1,25.91,25.91,1,0.0,1,16,25.91,0.0,0.0,3,2
862,9917.0,1,106,1,1,47.71,47.71,1,0.0,3,4,47.71,0.0,0.0,2,2
863,9939.0,1,107,1,1,6.99,6.99,1,0.0,2,21,6.99,0.0,0.0,1,2
864,9973.0,1,6,1,1,6.83,6.83,1,0.0,5,0,6.83,0.0,0.0,1,2
865,9995.0,1,114,1,1,49.99,49.99,1,0.0,2,7,49.99,0.0,0.0,2,2
866,10143.0,1,92,1,1,14.99,14.99,1,0.0,3,2,14.99,0.0,0.0,2,2
867,11254.0,1,79,1,1,18.84,18.84,1,0.0,2,14,18.84,0.0,0.0,1,2
868,11261.0,1,51,1,1,8.99,8.99,1,0.0,2,3,8.99,0.0,0.0,2,2
869,12053.0,1,64,1,1,17.99,17.99,1,0.0,3,3,17.99,0.0,0.0,2,2
870,13236.0,1,30,1,1,7.04,7.04,1,0.0,2,11,7.04,0.0,0.0,2,2
871,13472.0,1,58,1,1,15.3,15.3,1,0.0,2,2,15.3,0.0,0.0,2,2
872,13700.0,1,30,1,1,29.98,29.98,1,0.0,2,8,29.98,0.0,0.0,2,2
873,14055.0,1,87,1,1,19.32,19.32,1,0.0,1,23,19.32,0.0,0.0,2,2
874,14599.0,1,94,1,1,6.43,6.43,1,0.0,1,15,6.43,0.0,0.0,2,2
875,14617.0,1,66,1,1,31.59,31.59,1,0.0,1,15,31.59,0.0,0.0,2,2
876,14625.0,1,92,1,1,35.88,35.88,1,0.0,3,7,35.88,0.0,0.0,3,2
877,14794.0,1,30,1,1,19.69,19.69,1,0.0,2,6,19.69,0.0,0.0,2,2
878,14807.0,1,65,1,1,4.88,4.88,1,0.0,2,6,4.88,0.0,0.0,1,2
879,15477.0,1,15,1,1,47.47,47.47,1,0.0,3,2,47.47,0.0,0.0,2,2
880,16282.0,1,43,1,1,43.45,43.45,1,0.0,3,7,43.45,0.0,0.0,3,2
881,16388.0,1,121,1,1,74.0,74.0,1,0.0,2,4,74.0,0.0,0.0,3,2
882,16834.0,1,9,1,1,4.79,4.79,1,0.0,2,15,4.79,0.0,0.0,2,2
883,17747.0,1,93,1,1,46.55,46.55,1,0.0,2,19,46.55,0.0,0.0,3,2
884,18157.0,1,92,1,1,31.4,31.4,1,0.0,3,11,31.4,0.0,0.0,3,2
885,18211.0,1,86,1,1,66.14,66.14,1,0.0,2,11,66.14,0.0,0.0,3,2
886,18301.0,1,1,1,1,22.0,22.0,1,0.0,3,10,22.0,0.0,0.0,3,2
887,18693.0,1,80,1,1,5.1,5.1,1,0.0,1,21,5.1,0.0,0.0,1,2
888,18784.0,1,107,1,1,25.89,25.89,1,0.0,2,7,25.89,0.0,0.0,3,2
889,19169.0,1,7,1,1,22.25,22.25,1,0.0,4,5,22.25,0.0,0.0,2,2
890,19313.0,1,15,1,1,7.16,7.16,1,0.0,3,17,7.16,0.0,0.0,2,2
891,20030.0,1,86,1,1,31.55,31.55,1,0.0,2,5,31.55,0.0,0.0,2,2
892,20262.0,1,43,1,1,15.94,15.94,1,0.0,3,0,15.94,0.0,0.0,2,2
893,20609.0,1,9,1,1,8.99,8.99,1,0.0,2,19,8.99,0.0,0.0,2,2
894,20650.0,1,115,1,1,4.88,4.88,1,0.0,1,20,4.88,0.0,0.0,2,2
895,21419.0,1,114,1,1,24.86,24.86,1,0.0,2,6,24.86,0.0,0.0,2,2
896,21448.0,1,16,1,1,23.95,23.95,1,0.0,2,3,23.95,0.0,0.0,2,2
897,21637.0,1,15,1,1,33.26,33.26,1,0.0,3,13,33.26,0.0,0.0,2,2
898,21760.0,1,7,1,1,13.99,13.99,1,0.0,4,2,13.99,0.0,0.0,2,2
899,21867.0,1,108,1,1,15.49,15.49,1,0.0,1,23,15.49,0.0,0.0,2,2
900,21925.0,1,79,1,1,32.88,32.88,1,0.0,2,5,32.88,0.0,0.0,2,2
901,22471.0,1,114,1,1,45.95,45.95,1,0.0,2,7,45.95,0.0,0.0,2,2
902,23537.0,1,16,1,1,39.37,39.37,1,0.0,2,6,39.37,0.0,0.0,3,2
903,23844.0,1,65,1,1,11.75,11.75,1,0.0,2,6,11.75,0.0,0.0,3,2
904,23981.0,1,73,1,1,31.99,31.99,1,0.0,1,20,31.99,0.0,0.0,3,2
905,24135.0,1,72,1,1,11.0,11.0,1,0.0,2,18,11.0,0.0,0.0,2,2
906,24330.0,1,92,1,1,28.72,28.72,1,0.0,3,10,28.72,0.0,0.0,3,2
907,24377.0,1,128,1,1,26.5,26.5,1,0.0,2,2,26.5,0.0,0.0,2,2
908,24779.0,1,86,1,1,21.95,21.95,1,0.0,2,17,21.95,0.0,0.0,3,2
909,24798.0,1,86,1,1,8.77,8.77,1,0.0,2,20,8.77,0.0,0.0,2,2
910,25131.0,1,78,1,1,13.19,13.19,1,0.0,3,2,13.19,0.0,0.0,2,2
911,26216.0,1,15,1,1,5.95,5.95,1,0.0,3,17,5.95,0.0,0.0,1,2
912,28190.0,1,73,1,1,13.92,13.92,1,0.0,1,15,13.92,0.0,0.0,2,2
913,29110.0,1,58,1,1,37.24,37.24,1,0.0,2,10,37.24,0.0,0.0,2,2
914,29192.0,1,87,1,1,11.84,11.84,1,0.0,1,23,11.84,0.0,0.0,2,2
915,29537.0,1,92,1,1,15.09,15.09,1,0.0,3,4,15.09,0.0,0.0,2,2
916,29996.0,1,43,1,1,64.83,64.83,1,0.0,3,6,64.83,0.0,0.0,4,2
917,30363.0,1,72,1,1,10.31,10.31,1,0.0,2,16,10.31,0.0,0.0,2,2
918,30817.0,1,128,1,1,15.19,15.19,1,0.0,2,3,15.19,0.0,0.0,2,2
919,30961.0,1,51,1,1,10.39,10.39,1,0.0,2,2,10.39,0.0,0.0,2,2
920,31106.0,1,107,1,1,103.85,103.85,1,0.0,2,13,103.85,0.0,0.0,5,2
921,31443.0,1,108,1,1,7.92,7.92,1,0.0,1,21,7.92,0.0,0.0,2,2
922,31603.0,1,72,1,1,4.2,4.2,1,0.0,2,0,4.2,0.0,0.0,2,2
923,32169.0,1,8,1,1,12.9,12.9,1,0.0,3,4,12.9,0.0,0.0,2,2
924,32348.0,1,78,1,1,6.09,6.09,1,0.0,3,2,6.09,0.0,0.0,2,2
925,32555.0,1,15,1,1,44.01,44.01,1,0.0,3,13,44.01,0.0,0.0,3,2
926,32895.0,1,93,1,1,19.38,19.38,1,0.0,2,17,19.38,0.0,0.0,2,2
927,33034.0,1,65,1,1,31.72,31.72,1,0.0,2,13,31.72,0.0,0.0,2,2
928,33471.0,1,79,1,1,16.58,16.58,1,0.0,2,3,16.58,0.0,0.0,2,2
929,33533.0,1,107,1,1,27.48,27.48,1,0.0,2,15,27.48,0.0,0.0,2,2
930,33994.0,1,114,1,1,5.14,5.14,1,0.0,2,11,5.14,0.0,0.0,1,2
931,34688.0,1,87,1,1,18.99,18.99,1,0.0,1,22,18.99,0.0,0.0,2,2
932,35242.0,1,99,1,1,6.26,6.26,1,0.0,3,0,6.26,0.0,0.0,2,2
933,35539.0,1,16,1,1,14.99,14.99,1,0.0,2,1,14.99,0.0,0.0,2,2
934,36519.0,1,72,1,1,25.73,25.73,1,0.0,2,4,25.73,0.0,0.0,2,2
935,37857.0,1,92,1,1,5.84,5.84,1,0.0,3,1,5.84,0.0,0.0,1,2
936,38334.0,1,128,1,1,4.1,4.1,1,0.0,2,9,4.1,0.0,0.0,1,2
937,38854.0,1,51,1,1,27.95,27.95,1,0.0,2,0,27.95,0.0,0.0,2,2
938,39083.0,1,122,1,1,20.44,20.44,1,0.0,1,21,20.44,0.0,0.0,2,2
939,39521.0,1,92,1,1,7.97,7.97,1,0.0,3,6,7.97,0.0,0.0,1,2
940,39623.0,1,85,1,1,8.97,8.97,1,0.0,3,4,8.97,0.0,0.0,1,2
941,39737.0,1,16,1,1,8.5,8.5,1,0.0,2,22,8.5,0.0,0.0,2,2
942,40944.0,1,38,1,1,25.97,25.97,1,0.0,1,21,25.97,0.0,0.0,2,2
943,41059.0,1,114,1,1,6.99,6.99,1,0.0,2,0,6.99,0.0,0.0,1,2
944,42940.0,1,52,1,1,7.61,7.61,1,0.0,1,17,7.61,0.0,0.0,2,2
945,43790.0,1,128,1,1,7.46,7.46,1,0.0,2,7,7.46,0.0,0.0,2,2
946,43971.0,1,30,1,1,22.24,22.24,1,0.0,2,10,22.24,0.0,0.0,3,2
947,44319.0,1,23,1,1,10.95,10.95,1,0.0,2,10,10.95,0.0,0.0,2,2
948,45152.0,1,93,1,1,8.85,8.85,1,0.0,2,11,8.85,0.0,0.0,2,2
949,45171.0,1,108,1,1,22.16,22.16,1,0.0,1,15,22.16,0.0,0.0,2,2
950,46372.0,1,86,1,1,24.1,24.1,1,0.0,2,16,24.1,0.0,0.0,2,2
951,46425.0,1,64,1,1,6.38,6.38,1,0.0,3,15,6.38,0.0,0.0,2,2
952,46710.0,1,30,1,1,24.52,24.52,1,0.0,2,8,24.52,0.0,0.0,2,2
953,46985.0,1,8,1,1,10.95,10.95,1,0.0,3,7,10.95,0.0,0.0,2,2
954,47074.0,1,114,1,1,271.22,271.22,1,0.0,2,4,271.22,0.0,0.0,5,2
955,47655.0,1,87,1,1,11.97,11.97,1,0.0,1,16,11.97,0.0,0.0,2,2
956,48116.0,1,72,1,1,25.57,25.57,1,0.0,2,20,25.57,0.0,0.0,2,2
957,48159.0,1,85,1,1,6.48,6.48,1,0.0,3,0,6.48,0.0,0.0,2,2
958,48181.0,1,3,1,1,6.07,6.07,1,0.0,1,17,6.07,0.0,0.0,2,2
959,48975.0,1,66,1,1,19.03,19.03,1,0.0,1,16,19.03,0.0,0.0,2,2
960,49119.0,1,92,1,1,8.8,8.8,1,0.0,3,4,8.8,0.0,0.0,1,2
961,49923.0,1,3,1,1,9.46,9.46,1,0.0,1,18,9.46,0.0,0.0,2,2
962,49930.0,1,121,1,1,20.49,20.49,1,0.0,2,5,20.49,0.0,0.0,3,2
963,49933.0,1,86,1,1,5.72,5.72,1,0.0,2,21,5.72,0.0,0.0,2,2
964,50261.0,1,79,1,1,78.94,78.94,1,0.0,2,5,78.94,0.0,0.0,2,2
965,50310.0,1,99,1,1,11.4,11.4,1,0.0,3,12,11.4,0.0,0.0,2,2
966,50465.0,1,114,1,1,20.7,20.7,1,0.0,2,7,20.7,0.0,0.0,2,2
967,50730.0,1,42,1,1,9.99,9.99,1,0.0,4,6,9.99,0.0,0.0,1,2
968,51142.0,1,51,1,1,25.87,25.87,1,0.0,2,15,25.87,0.0,0.0,2,2
969,51645.0,1,45,1,1,5.76,5.76,1,0.0,1,16,5.76,0.0,0.0,2,2
970,52367.0,1,8,1,1,53.57,53.57,1,0.0,3,15,53.57,0.0,0.0,2,2
971,53102.0,1,79,1,1,60.5,60.5,1,0.0,2,7,60.5,0.0,0.0,2,2
972,54080.0,1,51,1,1,50.0,50.0,1,0.0,2,6,50.0,0.0,0.0,3,2
973,54402.0,1,2,1,1,3.47,3.47,1,0.0,2,15,3.47,0.0,0.0,2,2
974,55653.0,1,121,1,1,14.96,14.96,1,0.0,2,7,14.96,0.0,0.0,2,2
975,55969.0,1,121,1,1,6.55,6.55,1,0.0,2,15,6.55,0.0,0.0,2,2
976,56008.0,1,51,1,1,8.94,8.94,1,0.0,2,11,8.94,0.0,0.0,1,2
977,56126.0,1,66,1,1,81.9,81.9,1,0.0,1,17,81.9,0.0,0.0,4,2
978,56394.0,1,79,1,1,14.99,14.99,1,0.0,2,3,14.99,0.0,0.0,2,2
979,56701.0,1,93,1,1,6.4,6.4,1,0.0,2,22,6.4,0.0,0.0,2,2
980,57019.0,1,30,1,1,29.95,29.95,1,0.0,2,6,29.95,0.0,0.0,2,2
981,57685.0,1,93,1,1,29.99,29.99,1,0.0,2,9,29.99,0.0,0.0,3,2
982,59183.0,1,108,1,1,7.99,7.99,1,0.0,1,20,7.99,0.0,0.0,2,2
983,59629.0,1,100,1,1,82.68,82.68,1,0.0,2,23,82.68,0.0,0.0,2,2
984,59806.0,1,121,1,1,7.97,7.97,1,0.0,2,1,7.97,0.0,0.0,2,2
985,60379.0,1,93,1,1,44.92,44.92,1,0.0,2,22,44.92,0.0,0.0,3,2
986,60380.0,1,31,1,1,4.94,4.94,1,0.0,1,19,4.94,0.0,0.0,1,2
987,60571.0,1,64,1,1,38.49,38.49,1,0.0,3,11,38.49,0.0,0.0,3,2
988,60998.0,1,79,1,1,24.99,24.99,1,0.0,2,8,24.99,0.0,0.0,2,2
989,61197.0,1,99,1,1,16.98,16.98,1,0.0,3,18,16.98,0.0,0.0,2,2
990,62746.0,1,93,1,1,15.75,15.75,1,0.0,2,13,15.75,0.0,0.0,2,2
991,62897.0,1,92,1,1,106.78,106.78,1,0.0,3,11,106.78,0.0,0.0,3,2
992,62906.0,1,99,1,1,14.69,14.69,1,0.0,3,0,14.69,0.0,0.0,2,2
993,64853.0,1,128,1,1,10.41,10.41,1,0.0,2,3,10.41,0.0,0.0,2,2
994,65347.0,1,100,1,1,3.98,3.98,1,0.0,2,16,3.98,0.0,0.0,2,2
995,65765.0,1,8,1,1,160.33,160.33,1,0.0,3,10,160.33,0.0,0.0,2,2
996,66087.0,1,30,1,1,32.14,32.14,1,0.0,2,8,32.14,0.0,0.0,2,2
997,66166.0,1,93,1,1,9.0,9.0,1,0.0,2,18,9.0,0.0,0.0,2,2
998,66260.0,1,6,1,1,31.7,31.7,1,0.0,5,5,31.7,0.0,0.0,2,2
999,66679.0,1,59,1,1,4.94,4.94,1,0.0,1,16,4.94,0.0,0.0,2,2
1000,66764.0,1,44,1,1,48.01,48.01,1,0.0,2,10,48.01,0.0,0.0,2,2
1001,66818.0,1,44,1,1,9.27,9.27,1,0.0,2,18,9.27,0.0,0.0,2,2
1002,67586.0,1,78,1,1,6.94,6.94,1,0.0,3,2,6.94,0.0,0.0,2,2
1003,67737.0,1,87,1,1,11.46,11.46,1,0.0,1,16,11.46,0.0,0.0,2,2
1004,68077.0,1,92,1,1,14.79,14.79,1,0.0,3,4,14.79,0.0,0.0,2,2
1005,68093.0,1,79,1,1,18.67,18.67,1,0.0,2,4,18.67,0.0,0.0,2,2
1006,68629.0,1,31,1,1,5.97,5.97,1,0.0,1,19,5.97,0.0,0.0,2,2
1007,69106.0,1,106,1,1,12.14,12.14,1,0.0,3,0,12.14,0.0,0.0,2,2
1008,69677.0,1,64,1,1,5.24,5.24,1,0.0,3,20,5.24,0.0,0.0,2,2
1009,70037.0,1,79,1,1,27.98,27.98,1,0.0,2,3,27.98,0.0,0.0,2,2
1010,70356.0,1,30,1,1,10.09,10.09,1,0.0,2,2,10.09,0.0,0.0,2,2
1011,70423.0,1,72,1,1,119.35,119.35,1,0.0,2,9,119.35,0.0,0.0,2,2
1012,70709.0,1,78,1,1,12.97,12.97,1,0.0,3,1,12.97,0.0,0.0,2,2
1013,71102.0,1,86,1,1,14.23,14.23,1,0.0,2,21,14.23,0.0,0.0,2,2
1014,71134.0,1,8,1,1,13.79,13.79,1,0.0,3,1,13.79,0.0,0.0,2,2
1015,71652.0,1,86,1,1,22.95,22.95,1,0.0,2,4,22.95,0.0,0.0,1,2
1016,73287.0,1,2,1,1,39.99,39.99,1,0.0,2,1,39.99,0.0,0.0,2,2
1017,73932.0,1,51,1,1,8.68,8.68,1,0.0,2,17,8.68,0.0,0.0,1,2
1018,74417.0,1,108,1,1,8.04,8.04,1,0.0,1,19,8.04,0.0,0.0,2,2
1019,74498.0,1,86,1,1,8.68,8.68,1,0.0,2,20,8.68,0.0,0.0,2,2
1020,74597.0,1,93,1,1,31.79,31.79,1,0.0,2,13,31.79,0.0,0.0,3,2
1021,74743.0,1,121,1,1,7.91,7.91,1,0.0,2,14,7.91,0.0,0.0,2,2
1022,74815.0,1,31,1,1,18.86,18.86,1,0.0,1,16,18.86,0.0,0.0,2,2
1023,74932.0,1,1,1,1,27.99,27.99,1,0.0,3,13,27.99,0.0,0.0,3,2
1024,75285.0,1,58,1,1,7.99,7.99,1,0.0,2,21,7.99,0.0,0.0,2,2
1025,76029.0,1,2,1,1,41.74,41.74,1,0.0,2,16,41.74,0.0,0.0,2,2
1026,76412.0,1,92,1,1,5.49,5.49,1,0.0,3,6,5.49,0.0,0.0,2,2
1027,76634.0,1,86,1,1,46.55,46.55,1,0.0,2,1,46.55,0.0,0.0,2,2
1028,76783.0,1,1,1,1,12.6,12.6,1,0.0,3,3,12.6,0.0,0.0,2,2
1029,76834.0,1,9,1,1,15.49,15.49,1,0.0,2,15,15.49,0.0,0.0,2,2
1030,77001.0,1,45,1,1,68.96,68.96,1,0.0,1,17,68.96,0.0,0.0,2,2
1031,78448.0,1,2,1,1,5.0,5.0,1,0.0,2,16,5.0,0.0,0.0,2,2
1032,79037.0,1,8,1,1,245.71,245.71,1,0.0,3,13,245.71,0.0,0.0,2,2
1033,79565.0,1,43,1,1,6.98,6.98,1,0.0,3,5,6.98,0.0,0.0,2,2
1034,79697.0,1,22,1,1,21.0,21.0,1,0.0,3,11,21.0,0.0,0.0,2,2
1035,80121.0,1,59,1,1,28.99,28.99,1,0.0,1,16,28.99,0.0,0.0,2,2
1036,80427.0,1,122,1,1,2.97,2.97,1,0.0,1,16,2.97,0.0,0.0,1,2
1037,80694.0,1,52,1,1,3.46,3.46,1,0.0,1,17,3.46,0.0,0.0,2,2
1038,81635.0,1,121,1,1,54.99,54.99,1,0.0,2,7,54.99,0.0,0.0,2,2
1039,81747.0,1,107,1,1,16.95,16.95,1,0.0,2,13,16.95,0.0,0.0,2,2
1040,82645.0,1,51,1,1,5.66,5.66,1,0.0,2,23,5.66,0.0,0.0,2,2
1041,83441.0,1,87,1,1,9.93,9.93,1,0.0,1,16,9.93,0.0,0.0,1,2
1042,83492.0,1,99,1,1,18.99,18.99,1,0.0,3,9,18.99,0.0,0.0,2,2
1043,83860.0,1,79,1,1,22.0,22.0,1,0.0,2,20,22.0,0.0,0.0,2,2
1044,83971.0,1,52,1,1,15.16,15.16,1,0.0,1,19,15.16,0.0,0.0,2,2
1045,84328.0,1,64,1,1,11.53,11.53,1,0.0,3,12,11.53,0.0,0.0,2,2
1046,84629.0,1,107,1,1,36.23,36.23,1,0.0,2,9,36.23,0.0,0.0,2,2
1047,84681.0,1,30,1,1,9.98,9.98,1,0.0,2,6,9.98,0.0,0.0,2,2
1048,85113.0,1,107,1,1,22.48,22.48,1,0.0,2,2,22.48,0.0,0.0,3,2
1049,85263.0,1,31,1,1,5.97,5.97,1,0.0,1,20,5.97,0.0,0.0,1,2
1050,85438.0,1,9,1,1,8.49,8.49,1,0.0,2,7,8.49,0.0,0.0,2,2
1051,85509.0,1,93,1,1,24.66,24.66,1,0.0,2,9,24.66,0.0,0.0,3,2
1052,85549.0,1,30,1,1,35.1,35.1,1,0.0,2,15,35.1,0.0,0.0,2,2
1053,86111.0,1,42,1,1,8.87,8.87,1,0.0,4,8,8.87,0.0,0.0,1,2
1054,86623.0,1,30,1,1,14.25,14.25,1,0.0,2,11,14.25,0.0,0.0,2,2
1055,87755.0,1,92,1,1,6.92,6.92,1,0.0,3,11,6.92,0.0,0.0,2,2
1056,88351.0,1,30,1,1,13.99,13.99,1,0.0,2,18,13.99,0.0,0.0,2,2
1057,88352.0,1,31,1,1,7.99,7.99,1,0.0,1,19,7.99,0.0,0.0,2,2
1058,88754.0,1,114,1,1,5.7,5.7,1,0.0,2,10,5.7,0.0,0.0,2,2
1059,89844.0,1,107,1,1,18.21,18.21,1,0.0,2,3,18.21,0.0,0.0,2,2
1060,90097.0,1,3,1,1,4.75,4.75,1,0.0,1,21,4.75,0.0,0.0,2,2
1061,90725.0,1,30,1,1,22.31,22.31,1,0.0,2,20,22.31,0.0,0.0,2,2
1062,90750.0,1,99,1,1,6.98,6.98,1,0.0,3,0,6.98,0.0,0.0,2,2
1063,91130.0,1,85,1,1,17.05,17.05,1,0.0,3,4,17.05,0.0,0.0,2,2
1064,91242.0,1,122,1,1,6.95,6.95,1,0.0,1,23,6.95,0.0,0.0,1,2
1065,91960.0,1,64,1,1,48.59,48.59,1,0.0,3,6,48.59,0.0,0.0,3,2
1066,92281.0,1,114,1,1,19.99,19.99,1,0.0,2,4,19.99,0.0,0.0,2,2
1067,92592.0,1,43,1,1,23.0,23.0,1,0.0,3,3,23.0,0.0,0.0,2,2
1068,93337.0,1,66,1,1,9.87,9.87,1,0.0,1,22,9.87,0.0,0.0,2,2
1069,95482.0,1,80,1,1,13.47,13.47,1,0.0,1,16,13.47,0.0,0.0,2,2
1070,95507.0,1,108,1,1,7.28,7.28,1,0.0,1,15,7.28,0.0,0.0,2,2
1071,95614.0,1,65,1,1,8.25,8.25,1,0.0,2,12,8.25,0.0,0.0,2,2
1072,95784.0,1,43,1,1,8.99,8.99,1,0.0,3,0,8.99,0.0,0.0,2,2
1073,96840.0,1,80,1,1,33.99,33.99,1,0.0,1,19,33.99,0.0,0.0,3,2
1074,97617.0,1,92,1,1,22.73,22.73,1,0.0,3,4,22.73,0.0,0.0,2,2
1075,97681.0,1,7,1,1,10.6,10.6,1,0.0,4,14,10.6,0.0,0.0,2,2
1076,97882.0,1,128,1,1,4.9,4.9,1,0.0,2,0,4.9,0.0,0.0,2,2
1077,97933.0,1,79,1,1,29.06,29.06,1,0.0,2,23,29.06,0.0,0.0,2,2
1078,98495.0,1,92,1,1,45.31,45.31,1,0.0,3,12,45.31,0.0,0.0,2,2
1079,98905.0,1,37,1,1,33.36,33.36,1,0.0,2,16,33.36,0.0,0.0,2,2
1080,99984.0,1,121,1,1,7.99,7.99,1,0.0,2,9,7.99,0.0,0.0,2,2
1081,111370.0,1,114,1,1,25.97,25.97,1,0.0,2,10,25.97,0.0,0.0,2,2
1082,115699.0,1,37,1,1,44.88,44.88,1,0.0,2,11,44.88,0.0,0.0,2,2
1083,124516.0,1,107,1,1,47.99,47.99,1,0.0,2,11,47.99,0.0,0.0,2,2
1084,127643.0,1,7,1,1,18.0,18.0,1,0.0,4,2,18.0,0.0,0.0,2,2
1085,134437.0,1,45,1,1,11.99,11.99,1,0.0,1,15,11.99,0.0,0.0,2,2
1086,138376.0,1,66,1,1,29.2,29.2,1,0.0,1,18,29.2,0.0,0.0,2,2
1087,152425.0,1,51,1,1,15.85,15.85,1,0.0,2,2,15.85,0.0,0.0,2,2
1088,152910.0,1,99,1,1,13.88,13.88,1,0.0,3,9,13.88,0.0,0.0,2,2
1089,155229.0,1,30,1,1,26.0,26.0,1,0.0,2,14,26.0,0.0,0.0,3,2
1090,167380.0,1,114,1,1,5.67,5.67,1,0.0,2,8,5.67,0.0,0.0,2,2
1091,170057.0,1,37,1,1,10.88,10.88,1,0.0,2,13,10.88,0.0,0.0,2,2
1092,174874.0,1,115,1,1,60.73,60.73,1,0.0,1,17,60.73,0.0,0.0,2,2
1093,176449.0,1,87,1,1,9.26,9.26,1,0.0,1,23,9.26,0.0,0.0,1,2
1094,177165.0,1,51,1,1,13.44,13.44,1,0.0,2,11,13.44,0.0,0.0,2,2
1095,199825.0,1,15,1,1,15.98,15.98,1,0.0,3,2,15.98,0.0,0.0,2,2
1096,218056.0,1,59,1,1,15.75,15.75,1,0.0,1,16,15.75,0.0,0.0,2,2
1097,218567.0,1,2,1,1,24.76,24.76,1,0.0,2,16,24.76,0.0,0.0,2,2
1098,240578.0,1,79,1,1,42.95,42.95,1,0.0,2,1,42.95,0.0,0.0,3,2
1099,260060.0,1,8,1,1,6.92,6.92,1,0.0,3,13,6.92,0.0,0.0,2,2
1100,260879.0,1,100,1,1,10.96,10.96,1,0.0,2,20,10.96,0.0,0.0,2,2
1101,266018.0,1,52,1,1,24.97,24.97,1,0.0,1,19,24.97,0.0,0.0,3,2
1102,274212.0,1,128,1,1,7.64,7.64,1,0.0,2,9,7.64,0.0,0.0,2,2
1103,276771.0,1,79,1,1,31.99,31.99,1,0.0,2,5,31.99,0.0,0.0,2,2
1104,279868.0,1,64,1,1,9.45,9.45,1,0.0,3,15,9.45,0.0,0.0,2,2
1105,280138.0,1,78,1,1,17.05,17.05,1,0.0,3,0,17.05,0.0,0.0,2,2
1106,289821.0,1,66,1,1,16.49,16.49,1,0.0,1,22,16.49,0.0,0.0,2,2
1107,292000.0,1,92,1,1,31.68,31.68,1,0.0,3,7,31.68,0.0,0.0,2,2
1108,300068.0,1,8,1,1,37.03,37.03,1,0.0,3,10,37.03,0.0,0.0,3,2
1109,304469.0,1,65,1,1,10.99,10.99,1,0.0,2,18,10.99,0.0,0.0,2,2
1110,311853.0,1,100,1,1,4.57,4.57,1,0.0,2,14,4.57,0.0,0.0,1,2
1111,313932.0,1,92,1,1,39.99,39.99,1,0.0,3,4,39.99,0.0,0.0,3,2
1112,327743.0,1,3,1,1,9.97,9.97,1,0.0,1,16,9.97,0.0,0.0,2,2
1113,338063.0,1,7,1,1,18.69,18.69,1,0.0,4,6,18.69,0.0,0.0,2,2
1114,340167.0,1,121,1,1,7.98,7.98,1,0.0,2,15,7.98,0.0,0.0,2,2
1115,351537.0,1,115,1,1,183.58,183.58,1,0.0,1,15,183.58,0.0,0.0,2,2
1116,353508.0,1,122,1,1,15.93,15.93,1,0.0,1,15,15.93,0.0,0.0,2,2
1117,357436.0,1,115,1,1,27.99,27.99,1,0.0,1,18,27.99,0.0,0.0,2,2
1118,368072.0,1,65,1,1,8.97,8.97,1,0.0,2,17,8.97,0.0,0.0,2,2
1119,374406.0,1,99,1,1,10.95,10.95,1,0.0,3,2,10.95,0.0,0.0,2,2
1120,376081.0,1,85,1,1,5.98,5.98,1,0.0,3,5,5.98,0.0,0.0,1,2
1121,387213.0,1,66,1,1,10.0,10.0,1,0.0,1,18,10.0,0.0,0.0,1,2
1122,405285.0,1,80,1,1,12.99,12.99,1,0.0,1,15,12.99,0.0,0.0,2,2
1123,406339.0,1,31,1,1,4.48,4.48,1,0.0,1,20,4.48,0.0,0.0,2,2
1124,408254.0,1,42,1,1,17.37,17.37,1,0.0,4,5,17.37,0.0,0.0,2,2
1125,408923.0,1,114,1,1,29.73,29.73,1,0.0,2,1,29.73,0.0,0.0,2,2
1126,420284.0,1,93,1,1,10.83,10.83,1,0.0,2,1,10.83,0.0,0.0,2,2
1127,424261.0,1,107,1,1,20.52,20.52,1,0.0,2,1,20.52,0.0,0.0,3,2
1128,425221.0,1,86,1,1,22.99,22.99,1,0.0,2,14,22.99,0.0,0.0,2,2
1129,432335.0,1,115,1,1,12.99,12.99,1,0.0,1,23,12.99,0.0,0.0,2,2
1130,433215.0,1,58,1,1,16.93,16.93,1,0.0,2,9,16.93,0.0,0.0,2,2
1131,434302.0,1,65,1,1,4.97,4.97,1,0.0,2,6,4.97,0.0,0.0,2,2
1132,446157.0,1,93,1,1,12.99,12.99,1,0.0,2,5,12.99,0.0,0.0,2,2
1133,446740.0,1,24,1,1,9.98,9.98,1,0.0,1,23,9.98,0.0,0.0,2,2
1134,449809.0,1,59,1,1,39.99,39.99,1,0.0,1,16,39.99,0.0,0.0,2,2
1135,450619.0,1,85,1,1,9.23,9.23,1,0.0,3,2,9.23,0.0,0.0,2,2
1136,453279.0,1,114,1,1,4.94,4.94,1,0.0,2,11,4.94,0.0,0.0,1,2
1137,453528.0,1,6,1,1,9.21,9.21,1,0.0,5,1,9.21,0.0,0.0,2,2
1138,455826.0,1,22,1,1,48.22,48.22,1,0.0,3,1,48.22,0.0,0.0,2,2
1139,459982.0,1,121,1,1,7.44,7.44,1,0.0,2,23,7.44,0.0,0.0,2,2
1140,460078.0,1,30,1,1,7.95,7.95,1,0.0,2,11,7.95,0.0,0.0,2,2
1141,462224.0,1,2,1,1,18.21,18.21,1,0.0,2,1,18.21,0.0,0.0,2,2
1142,464613.0,1,52,1,1,8.99,8.99,1,0.0,1,20,8.99,0.0,0.0,2,2
1143,466512.0,1,9,1,1,7.54,7.54,1,0.0,2,11,7.54,0.0,0.0,2,2
1144,472828.0,1,51,1,1,3.97,3.97,1,0.0,2,11,3.97,0.0,0.0,2,2
1145,480504.0,1,17,1,1,69.97,69.97,1,0.0,1,17,69.97,0.0,0.0,2,2
1146,484847.0,1,1,1,1,5.97,5.97,1,0.0,3,16,5.97,0.0,0.0,2,2
1147,495862.0,1,108,1,1,8.59,8.59,1,0.0,1,22,8.59,0.0,0.0,1,2
1148,499804.0,1,87,1,1,29.99,29.99,1,0.0,1,16,29.99,0.0,0.0,2,2
1149,523572.0,1,44,1,1,14.99,14.99,1,0.0,2,16,14.99,0.0,0.0,2,2
1150,529727.0,1,72,1,1,24.99,24.99,1,0.0,2,6,24.99,0.0,0.0,2,2
1151,530654.0,1,128,1,1,8.42,8.42,1,0.0,2,3,8.42,0.0,0.0,2,2
1152,532038.0,1,43,1,1,209.0,209.0,1,0.0,3,6,209.0,0.0,0.0,6,2
1153,537177.0,1,9,1,1,8.99,8.99,1,0.0,2,19,8.99,0.0,0.0,2,2
1154,543948.0,1,79,1,1,2.62,2.62,1,0.0,2,8,2.62,0.0,0.0,1,2
1155,546538.0,1,30,1,1,17.25,17.25,1,0.0,2,11,17.25,0.0,0.0,2,2
1156,557572.0,1,99,1,1,2.0,2.0,1,0.0,3,4,2.0,0.0,0.0,2,2
1157,564477.0,1,99,1,1,6.92,6.92,1,0.0,3,7,6.92,0.0,0.0,1,2
1158,584442.0,1,99,1,1,15.98,15.98,1,0.0,3,9,15.98,0.0,0.0,2,2
1159,591232.0,1,114,1,1,11.99,11.99,1,0.0,2,10,11.99,0.0,0.0,2,2
1160,594590.0,1,7,1,1,4.98,4.98,1,0.0,4,6,4.98,0.0,0.0,2,2
1161,599785.0,1,23,1,1,14.99,14.99,1,0.0,2,5,14.99,0.0,0.0,3,2
1162,602801.0,1,106,1,1,7.27,7.27,1,0.0,3,0,7.27,0.0,0.0,1,2
1163,606632.0,1,2,1,1,18.59,18.59,1,0.0,2,13,18.59,0.0,0.0,2,2
1164,607812.0,1,128,1,1,15.58,15.58,1,0.0,2,9,15.58,0.0,0.0,2,2
1165,615084.0,1,87,1,1,38.5,38.5,1,0.0,1,23,38.5,0.0,0.0,2,2
1166,622038.0,1,16,1,1,16.9,16.9,1,0.0,2,21,16.9,0.0,0.0,2,2
1167,624359.0,1,121,1,1,7.83,7.83,1,0.0,2,3,7.83,0.0,0.0,2,2
1168,629114.0,1,37,1,1,46.85,46.85,1,0.0,2,2,46.85,0.0,0.0,2,2
1169,629180.0,1,51,1,1,169.95,169.95,1,0.0,2,1,169.95,0.0,0.0,5,2
1170,647767.0,1,78,1,1,22.27,22.27,1,0.0,3,0,22.27,0.0,0.0,2,2
1171,659146.0,1,115,1,1,60.81,60.81,1,0.0,1,22,60.81,0.0,0.0,4,2
1172,660371.0,1,121,1,1,6.17,6.17,1,0.0,2,19,6.17,0.0,0.0,2,2
1173,666385.0,1,30,1,1,33.36,33.36,1,0.0,2,9,33.36,0.0,0.0,3,2
1174,667788.0,1,52,1,1,3.78,3.78,1,0.0,1,14,3.78,0.0,0.0,2,2
1175,672994.0,1,65,1,1,7.99,7.99,1,0.0,2,5,7.99,0.0,0.0,2,2
1176,678782.0,1,45,1,1,49.18,49.18,1,0.0,1,16,49.18,0.0,0.0,2,2
1177,690608.0,1,9,1,1,4.97,4.97,1,0.0,2,17,4.97,0.0,0.0,1,2
1178,694649.0,1,31,1,1,38.37,38.37,1,0.0,1,16,38.37,0.0,0.0,2,2
1179,694800.0,1,122,1,1,12.99,12.99,1,0.0,1,22,12.99,0.0,0.0,2,2
1180,695098.0,1,79,1,1,7.09,7.09,1,0.0,2,1,7.09,0.0,0.0,2,2
1181,697868.0,1,52,1,1,4.48,4.48,1,0.0,1,18,4.48,0.0,0.0,1,2
1182,709940.0,1,86,1,1,7.44,7.44,1,0.0,2,14,7.44,0.0,0.0,1,2
1183,710921.0,1,86,1,1,24.63,24.63,1,0.0,2,18,24.63,0.0,0.0,2,2
1184,717014.0,1,65,1,1,12.82,12.82,1,0.0,2,2,12.82,0.0,0.0,2,2
1185,719812.0,1,58,1,1,9.5,9.5,1,0.0,2,1,9.5,0.0,0.0,2,2
1186,727204.0,1,92,1,1,5.64,5.64,1,0.0,3,12,5.64,0.0,0.0,2,2
1187,730755.0,1,93,1,1,19.99,19.99,1,0.0,2,2,19.99,0.0,0.0,2,2
1188,761328.0,1,114,1,1,68.0,68.0,1,0.0,2,3,68.0,0.0,0.0,2,2
1189,782533.0,1,24,1,1,4.94,4.94,1,0.0,1,20,4.94,0.0,0.0,1,2
1190,788719.0,1,51,1,1,4.47,4.47,1,0.0,2,11,4.47,0.0,0.0,1,2
1191,795649.0,1,128,1,1,11.95,11.95,1,0.0,2,8,11.95,0.0,0.0,2,2
1192,798867.0,1,37,1,1,32.25,32.25,1,0.0,2,11,32.25,0.0,0.0,2,2
1193,803761.0,1,51,1,1,24.28,24.28,1,0.0,2,0,24.28,0.0,0.0,3,2
1194,810569.0,1,120,1,1,16.9,16.9,1,0.0,3,0,16.9,0.0,0.0,2,2
1195,810655.0,1,107,1,1,15.99,15.99,1,0.0,2,1,15.99,0.0,0.0,2,2
1196,814258.0,1,93,1,1,18.36,18.36,1,0.0,2,6,18.36,0.0,0.0,2,2
1197,819345.0,1,121,1,1,15.36,15.36,1,0.0,2,5,15.36,0.0,0.0,2,2
1198,830481.0,1,43,1,1,38.49,38.49,1,0.0,3,6,38.49,0.0,0.0,2,2
1199,839360.0,1,43,1,1,15.49,15.49,1,0.0,3,3,15.49,0.0,0.0,3,2
1200,854707.0,1,79,1,1,8.99,8.99,1,0.0,2,10,8.99,0.0,0.0,1,2
1201,871798.0,1,92,1,1,6.59,6.59,1,0.0,3,7,6.59,0.0,0.0,1,2
1202,896835.0,1,93,1,1,37.6,37.6,1,0.0,2,9,37.6,0.0,0.0,2,2
1203,898316.0,1,30,1,1,12.3,12.3,1,0.0,2,8,12.3,0.0,0.0,1,2
1204,899736.0,1,87,1,1,21.94,21.94,1,0.0,1,18,21.94,0.0,0.0,2,2
1205,903848.0,1,2,1,1,19.98,19.98,1,0.0,2,23,19.98,0.0,0.0,2,2
1206,904325.0,1,87,1,1,24.87,24.87,1,0.0,1,23,24.87,0.0,0.0,2,2
1207,914164.0,1,94,1,1,1.64,1.64,1,0.0,1,23,1.64,0.0,0.0,1,2
1208,919822.0,1,86,1,1,55.0,55.0,1,0.0,2,18,55.0,0.0,0.0,2,2
1209,935096.0,1,52,1,1,9.99,9.99,1,0.0,1,19,9.99,0.0,0.0,2,2
1210,963446.0,1,128,1,1,28.99,28.99,1,0.0,2,3,28.99,0.0,0.0,2,2
1211,977921.0,1,30,1,1,28.98,28.98,1,0.0,2,10,28.98,0.0,0.0,3,2
1212,983292.0,1,79,1,1,10.12,10.12,1,0.0,2,1,10.12,0.0,0.0,2,2
1213,987080.0,1,79,1,1,9.89,9.89,1,0.0,2,11,9.89,0.0,0.0,1,2
1214,988426.0,1,92,1,1,5.64,5.64,1,0.0,3,12,5.64,0.0,0.0,2,2
1215,989188.0,1,64,1,1,5.54,5.54,1,0.0,3,16,5.54,0.0,0.0,2,2
1216,996374.0,1,71,1,1,12.59,12.59,1,0.0,3,1,12.59,0.0,0.0,2,2
1217,999367.0,1,37,1,1,5.0,5.0,1,0.0,2,2,5.0,0.0,0.0,2,2
1218,1152777.0,1,6,1,1,5.24,5.24,1,0.0,5,2,5.24,0.0,0.0,2,2
1219,1205384.0,1,30,1,1,8.97,8.97,1,0.0,2,6,8.97,0.0,0.0,2,2
1220,1296369.0,1,58,1,1,31.2,31.2,1,0.0,2,11,31.2,0.0,0.0,3,2
1221,1310914.0,1,30,1,1,119.99,119.99,1,0.0,2,6,119.99,0.0,0.0,5,2
1222,1557456.0,1,114,1,1,9.2,9.2,1,0.0,2,7,9.2,0.0,0.0,2,2
1223,1611268.0,1,73,1,1,4.75,4.75,1,0.0,1,21,4.75,0.0,0.0,2,2
1224,1893379.0,1,42,1,1,23.55,23.55,1,0.0,4,5,23.55,0.0,0.0,1,2
1225,1932342.0,1,86,1,1,3.98,3.98,1,0.0,2,11,3.98,0.0,0.0,1,2
1226,1935462.0,1,58,1,1,41.15,41.15,1,0.0,2,11,41.15,0.0,0.0,2,2
1227,1981777.0,1,107,1,1,6.98,6.98,1,0.0,2,20,6.98,0.0,0.0,2,2
1228,2013709.0,1,72,1,1,17.63,17.63,1,0.0,2,9,17.63,0.0,0.0,2,2
1229,2067080.0,1,93,1,1,15.4,15.4,1,0.0,2,15,15.4,0.0,0.0,2,2
1230,2236160.0,1,42,1,1,22.47,22.47,1,0.0,4,9,22.47,0.0,0.0,2,2
1231,2271891.0,1,7,1,1,23.47,23.47,1,0.0,4,13,23.47,0.0,0.0,2,2
1232,2430051.0,1,87,1,1,66.76,66.76,1,0.0,1,22,66.76,0.0,0.0,2,2
1233,2468142.0,1,85,1,1,6.95,6.95,1,0.0,3,5,6.95,0.0,0.0,1,2
1234,2509108.0,1,44,1,1,8.16,8.16,1,0.0,2,18,8.16,0.0,0.0,2,2
1235,2640618.0,1,9,1,1,6.76,6.76,1,0.0,2,12,6.76,0.0,0.0,2,2
1236,2665601.0,1,73,1,1,10.99,10.99,1,0.0,1,21,10.99,0.0,0.0,2,2
1237,2666376.0,1,108,1,1,9.22,9.22,1,0.0,1,21,9.22,0.0,0.0,1,2
1238,2707698.0,1,99,1,1,15.5,15.5,1,0.0,3,7,15.5,0.0,0.0,2,2
1239,2811949.0,1,3,1,1,13.99,13.99,1,0.0,1,17,13.99,0.0,0.0,2,2
1240,3145276.0,1,72,1,1,4.77,4.77,1,0.0,2,1,4.77,0.0,0.0,2,2
1241,3153223.0,1,93,1,1,30.99,30.99,1,0.0,2,19,30.99,0.0,0.0,2,2
1242,3191715.0,1,87,1,1,43.82,43.82,1,0.0,1,22,43.82,0.0,0.0,3,2
1243,3193743.0,1,92,1,1,5.82,5.82,1,0.0,3,11,5.82,0.0,0.0,2,2
1244,3359528.0,1,8,1,1,19.49,19.49,1,0.0,3,5,19.49,0.0,0.0,2,2
1245,3551096.0,1,108,1,1,6.97,6.97,1,0.0,1,20,6.97,0.0,0.0,1,2
1246,3610035.0,1,79,1,1,18.9,18.9,1,0.0,2,21,18.9,0.0,0.0,2,2
1247,3614474.0,1,108,1,1,3.94,3.94,1,0.0,1,16,3.94,0.0,0.0,2,2
1248,3754211.0,1,31,1,1,14.99,14.99,1,0.0,1,16,14.99,0.0,0.0,2,2
1249,3890640.0,1,107,1,1,3.97,3.97,1,0.0,2,23,3.97,0.0,0.0,2,2
1250,4126251.0,1,85,1,1,31.44,31.44,1,0.0,3,5,31.44,0.0,0.0,2,2
1251,4130311.0,1,79,1,1,12.9,12.9,1,0.0,2,18,12.9,0.0,0.0,2,2
1252,4135530.0,1,51,1,1,5.82,5.82,1,0.0,2,11,5.82,0.0,0.0,2,2
1253,4144994.0,1,99,1,1,25.71,25.71,1,0.0,3,14,25.71,0.0,0.0,2,2
1254,4260055.0,1,44,1,1,16.99,16.99,1,0.0,2,23,16.99,0.0,0.0,2,2
1255,4285900.0,1,86,1,1,3.84,3.84,1,0.0,2,10,3.84,0.0,0.0,2,2
1256,4377900.0,1,100,1,1,2.97,2.97,1,0.0,2,21,2.97,0.0,0.0,1,2
1257,4420030.0,1,92,1,1,29.99,29.99,1,0.0,3,5,29.99,0.0,0.0,2,2
1258,4585544.0,1,64,1,1,20.99,20.99,1,0.0,3,20,20.99,0.0,0.0,2,2
1259,4655798.0,1,30,1,1,29.99,29.99,1,0.0,2,8,29.99,0.0,0.0,2,2
1260,4718472.0,1,16,1,1,14.95,14.95,1,0.0,2,21,14.95,0.0,0.0,2,2
1261,4845076.0,1,1,1,1,5.95,5.95,1,0.0,3,15,5.95,0.0,0.0,2,2
1262,4883158.0,1,51,1,1,17.95,17.95,1,0.0,2,0,17.95,0.0,0.0,2,2
1263,4889550.0,1,107,1,1,4.69,4.69,1,0.0,2,2,4.69,0.0,0.0,2,2
1264,5400539.0,1,43,1,1,44.95,44.95,1,0.0,3,3,44.95,0.0,0.0,3,2
1265,5764116.0,1,86,1,1,4.39,4.39,1,0.0,2,5,4.39,0.0,0.0,2,2
1266,5826132.0,1,3,1,1,4.94,4.94,1,0.0,1,15,4.94,0.0,0.0,1,2
1267,5868162.0,1,115,1,1,8.97,8.97,1,0.0,1,21,8.97,0.0,0.0,2,2
1268,5870618.0,1,107,1,1,20.83,20.83,1,0.0,2,21,20.83,0.0,0.0,3,2
1269,5904478.0,1,87,1,1,30.77,30.77,1,0.0,1,23,30.77,0.0,0.0,3,2
1270,5914647.0,1,114,1,1,1.0,1.0,1,0.0,2,7,1.0,0.0,0.0,1,2
1271,6046137.0,1,43,1,1,27.6,27.6,1,0.0,3,1,27.6,0.0,0.0,2,2
1272,6076963.0,1,121,1,1,10.54,10.54,1,0.0,2,3,10.54,0.0,0.0,7,2
1273,6079680.0,1,87,1,1,13.36,13.36,1,0.0,1,22,13.36,0.0,0.0,2,2
1274,6122990.0,1,92,1,1,9.99,9.99,1,0.0,3,7,9.99,0.0,0.0,2,2
1275,6172022.0,1,108,1,1,1.64,1.64,1,0.0,1,16,1.64,0.0,0.0,1,2
1276,6295805.0,1,9,1,1,11.99,11.99,1,0.0,2,15,11.99,0.0,0.0,2,2
1277,6313953.0,1,9,1,1,4.75,4.75,1,0.0,2,1,4.75,0.0,0.0,2,2
1278,6493977.0,1,30,1,1,32.5,32.5,1,0.0,2,8,32.5,0.0,0.0,1,2
1279,6518705.0,1,52,1,1,10.16,10.16,1,0.0,1,20,10.16,0.0,0.0,2,2
1280,6756570.0,1,121,1,1,9.82,9.82,1,0.0,2,21,9.82,0.0,0.0,2,2
1281,6772613.0,1,85,1,1,4.76,4.76,1,0.0,3,2,4.76,0.0,0.0,2,2
1282,6898531.0,1,79,1,1,16.18,16.18,1,0.0,2,20,16.18,0.0,0.0,2,2
1283,6956489.0,1,93,1,1,8.44,8.44,1,0.0,2,9,8.44,0.0,0.0,1,2
1284,7121281.0,1,94,1,1,13.53,13.53,1,0.0,1,15,13.53,0.0,0.0,2,2
1285,7204736.0,1,100,1,1,8.38,8.38,1,0.0,2,21,8.38,0.0,0.0,2,2
1286,7368610.0,1,37,1,1,8.75,8.75,1,0.0,2,1,8.75,0.0,0.0,1,2
1287,7419100.0,1,94,1,1,5.99,5.99,1,0.0,1,16,5.99,0.0,0.0,1,2
1288,7607866.0,1,15,1,1,8.99,8.99,1,0.0,3,16,8.99,0.0,0.0,2,2
1289,7620903.0,1,44,1,1,7.94,7.94,1,0.0,2,13,7.94,0.0,0.0,1,2
1290,7636365.0,1,17,1,1,45.9,45.9,1,0.0,1,21,45.9,0.0,0.0,2,2
1291,7644009.0,1,15,1,1,21.47,21.47,1,0.0,3,3,21.47,0.0,0.0,3,2
1292,7790508.0,1,99,1,1,15.55,15.55,1,0.0,3,14,15.55,0.0,0.0,2,2
1293,7805799.0,1,114,1,1,14.9,14.9,1,0.0,2,9,14.9,0.0,0.0,2,2
1294,8093190.0,1,93,1,1,25.29,25.29,1,0.0,2,9,25.29,0.0,0.0,2,2
1295,8190033.0,1,128,1,1,9.99,9.99,1,0.0,2,9,9.99,0.0,0.0,1,2
1296,8211210.0,1,108,1,1,9.95,9.95,1,0.0,1,18,9.95,0.0,0.0,2,2
1297,8311274.0,1,92,1,1,37.99,37.99,1,0.0,3,4,37.99,0.0,0.0,2,2
1298,8385822.0,1,51,1,1,29.94,29.94,1,0.0,2,11,29.94,0.0,0.0,3,2
1299,8449543.0,1,65,1,1,15.68,15.68,1,0.0,2,18,15.68,0.0,0.0,2,2
1300,8491042.0,1,58,1,1,8.29,8.29,1,0.0,2,15,8.29,0.0,0.0,2,2
1301,8501353.0,1,128,1,1,27.31,27.31,1,0.0,2,1,27.31,0.0,0.0,2,2
1302,8575681.0,1,93,1,1,8.98,8.98,1,0.0,2,10,8.98,0.0,0.0,1,2
1303,8641995.0,1,93,1,1,13.62,13.62,1,0.0,2,21,13.62,0.0,0.0,2,2
1304,8680378.0,1,79,1,1,23.95,23.95,1,0.0,2,13,23.95,0.0,0.0,2,2
1305,8808623.0,1,99,1,1,31.09,31.09,1,0.0,3,13,31.09,0.0,0.0,2,2
1306,8833088.0,1,100,1,1,3.68,3.68,1,0.0,2,17,3.68,0.0,0.0,2,2
1307,9002047.0,1,107,1,1,19.61,19.61,1,0.0,2,7,19.61,0.0,0.0,2,2
1308,9027719.0,1,38,1,1,4.78,4.78,1,0.0,1,21,4.78,0.0,0.0,1,2
1309,9244681.0,1,66,1,1,10.0,10.0,1,0.0,1,18,10.0,0.0,0.0,2,2
1310,9334330.0,1,16,1,1,19.05,19.05,1,0.0,2,6,19.05,0.0,0.0,2,2
1311,9391951.0,1,79,1,1,10.99,10.99,1,0.0,2,18,10.99,0.0,0.0,2,2
1312,9426287.0,1,93,1,1,16.25,16.25,1,0.0,2,2,16.25,0.0,0.0,2,2
1313,9657918.0,1,114,1,1,34.03,34.03,1,0.0,2,6,34.03,0.0,0.0,2,2
1314,9694503.0,1,100,1,1,5.98,5.98,1,0.0,2,14,5.98,0.0,0.0,2,2
1315,9755785.0,1,8,1,1,17.99,17.99,1,0.0,3,6,17.99,0.0,0.0,2,2
1316,9836460.0,1,128,1,1,4.99,4.99,1,0.0,2,5,4.99,0.0,0.0,2,2
1317,9874530.0,1,2,1,1,60.78,60.78,1,0.0,2,9,60.78,0.0,0.0,2,2
1318,9964062.0,1,51,1,1,34.37,34.37,1,0.0,2,9,34.37,0.0,0.0,3,2
1319,11290790.0,1,79,1,1,5.74,5.74,1,0.0,2,12,5.74,0.0,0.0,1,2
1320,16709248.0,1,72,1,1,17.94,17.94,1,0.0,2,17,17.94,0.0,0.0,2,2
1321,17170447.0,1,8,1,1,7.89,7.89,1,0.0,3,16,7.89,0.0,0.0,1,2
1322,18789682.0,1,43,1,1,7.99,7.99,1,0.0,3,5,7.99,0.0,0.0,2,2
1323,19861579.0,1,122,1,1,7.72,7.72,1,0.0,1,18,7.72,0.0,0.0,2,2
1324,22156711.0,1,65,1,1,6.99,6.99,1,0.0,2,19,6.99,0.0,0.0,2,2
1325,24392461.0,1,121,1,1,5.99,5.99,1,0.0,2,19,5.99,0.0,0.0,2,2
1326,25182956.0,1,79,1,1,3.48,3.48,1,0.0,2,4,3.48,0.0,0.0,2,2
1327,28939159.0,1,128,1,1,18.81,18.81,1,0.0,2,6,18.81,0.0,0.0,2,2
1328,30394128.0,1,107,1,1,16.99,16.99,1,0.0,2,3,16.99,0.0,0.0,2,2
1329,31306647.0,1,99,1,1,39.99,39.99,1,0.0,3,9,39.99,0.0,0.0,2,2
1330,33002053.0,1,79,1,1,19.98,19.98,1,0.0,2,5,19.98,0.0,0.0,2,2
1331,34397470.0,1,122,1,1,15.99,15.99,1,0.0,1,21,15.99,0.0,0.0,2,2
1332,36747468.0,1,45,1,1,10.5,10.5,1,0.0,1,17,10.5,0.0,0.0,2,2
1333,40038249.0,1,72,1,1,4.78,4.78,1,0.0,2,3,4.78,0.0,0.0,2,2
1334,41497466.0,1,107,1,1,17.8,17.8,1,0.0,2,11,17.8,0.0,0.0,2,2
1335,41700584.0,1,122,1,1,600.18,600.18,1,0.0,1,18,600.18,0.0,0.0,6,2
1336,48088383.0,1,78,1,1,4.9,4.9,1,0.0,3,0,4.9,0.0,0.0,2,2
1337,50423500.0,1,128,1,1,36.99,36.99,1,0.0,2,1,36.99,0.0,0.0,2,2
1338,50707693.0,1,3,1,1,10.24,10.24,1,0.0,1,18,10.24,0.0,0.0,2,2
1339,52501281.0,1,7,1,1,19.76,19.76,1,0.0,4,5,19.76,0.0,0.0,2,2
1340,58143585.0,1,65,1,1,6.07,6.07,1,0.0,2,3,6.07,0.0,0.0,2,2
1341,59782151.0,1,66,1,1,10.37,10.37,1,0.0,1,19,10.37,0.0,0.0,2,2
1342,61253016.0,1,7,1,1,21.51,21.51,1,0.0,4,16,21.51,0.0,0.0,2,2
1343,62503628.0,1,2,1,1,27.72,27.72,1,0.0,2,2,27.72,0.0,0.0,3,2
1344,62521019.0,1,108,1,1,20.87,20.87,1,0.0,1,18,20.87,0.0,0.0,3,2
1345,62813156.0,1,65,1,1,13.99,13.99,1,0.0,2,19,13.99,0.0,0.0,1,2
1346,63373785.0,1,2,1,1,26.95,26.95,1,0.0,2,3,26.95,0.0,0.0,3,2
1347,64781556.0,1,79,1,1,12.99,12.99,1,0.0,2,3,12.99,0.0,0.0,2,2
1348,65225268.0,1,114,1,1,315.21,315.21,1,0.0,2,7,315.21,0.0,0.0,6,2
1349,66061886.0,1,128,1,1,5.16,5.16,1,0.0,2,9,5.16,0.0,0.0,1,2
1350,67255423.0,1,114,1,1,17.24,17.24,1,0.0,2,2,17.24,0.0,0.0,2,2
1351,67896682.0,1,93,1,1,20.98,20.98,1,0.0,2,19,20.98,0.0,0.0,3,2
1352,68788413.0,1,107,1,1,5.69,5.69,1,0.0,2,13,5.69,0.0,0.0,1,2
1353,72235857.0,1,52,1,1,9.99,9.99,1,0.0,1,15,9.99,0.0,0.0,1,2
1354,75163160.0,1,7,1,1,25.5,25.5,1,0.0,4,0,25.5,0.0,0.0,2,2
1355,79435273.0,1,114,1,1,32.19,32.19,1,0.0,2,5,32.19,0.0,0.0,2,2
1356,81694722.0,1,128,1,1,5.63,5.63,1,0.0,2,9,5.63,0.0,0.0,2,2
1357,82747514.0,1,100,1,1,87.75,87.75,1,0.0,2,17,87.75,0.0,0.0,4,2
1358,82842111.0,1,108,1,1,50.68,50.68,1,0.0,1,15,50.68,0.0,0.0,2,2
1359,88456162.0,1,86,1,1,10.3,10.3,1,0.0,2,14,10.3,0.0,0.0,2,2
1360,90914277.0,1,100,1,1,11.56,11.56,1,0.0,2,23,11.56,0.0,0.0,1,2
1361,91099149.0,1,8,1,1,69.11,69.11,1,0.0,3,2,69.11,0.0,0.0,2,2
1362,91960562.0,1,107,1,1,44.79,44.79,1,0.0,2,11,44.79,0.0,0.0,3,2
1363,94106384.0,1,99,1,1,14.67,14.67,1,0.0,3,14,14.67,0.0,0.0,2,2
1364,99668116.0,1,58,1,1,51.62,51.62,1,0.0,2,9,51.62,0.0,0.0,2,2
1365,110659894.0,1,107,1,1,32.33,32.33,1,0.0,2,7,32.33,0.0,0.0,2,2
1366,145326252.0,1,30,1,1,5.11,5.11,1,0.0,2,20,5.11,0.0,0.0,2,2
1367,250573702.0,1,58,1,1,11.92,11.92,1,0.0,2,4,11.92,0.0,0.0,2,2
1368,259211513.0,1,45,1,1,5.62,5.62,1,0.0,1,16,5.62,0.0,0.0,3,2
1369,265648239.0,1,86,1,1,47.34,47.34,1,0.0,2,23,47.34,0.0,0.0,2,2
1370,296230692.0,1,45,1,1,2.94,2.94,1,0.0,1,16,2.94,0.0,0.0,2,2
1371,309812506.0,1,99,1,1,20.99,20.99,1,0.0,3,7,20.99,0.0,0.0,2,2
1372,316567149.0,1,52,1,1,12.58,12.58,1,0.0,1,15,12.58,0.0,0.0,2,2
1373,317449879.0,1,93,1,1,2.96,2.96,1,0.0,2,9,2.96,0.0,0.0,2,2
1374,348042376.0,1,66,1,1,44.46,44.46,1,0.0,1,20,44.46,0.0,0.0,2,2
1375,409555121.0,1,43,1,1,14.99,14.99,1,0.0,3,2,14.99,0.0,0.0,2,2
1376,411507495.0,1,52,1,1,2.99,2.99,1,0.0,1,18,2.99,0.0,0.0,3,2
1377,412443978.0,1,93,1,1,19.69,19.69,1,0.0,2,8,19.69,0.0,0.0,2,2
1378,442011630.0,1,79,1,1,14.98,14.98,1,0.0,2,8,14.98,0.0,0.0,2,2
1379,459395025.0,1,100,1,1,9.99,9.99,1,0.0,2,14,9.99,0.0,0.0,1,2
1380,490642497.0,1,93,1,1,17.97,17.97,1,0.0,2,11,17.97,0.0,0.0,2,2
1381,512259619.0,1,121,1,1,6.98,6.98,1,0.0,2,0,6.98,0.0,0.0,1,2
1382,522357982.0,1,115,1,1,19.99,19.99,1,0.0,1,19,19.99,0.0,0.0,2,2
1383,532850807.0,1,99,1,1,7.97,7.97,1,0.0,3,9,7.97,0.0,0.0,2,2
1384,584021933.0,1,107,1,1,16.65,16.65,1,0.0,2,3,16.65,0.0,0.0,2,2
1385,608002248.0,1,128,1,1,5.92,5.92,1,0.0,2,5,5.92,0.0,0.0,2,2
1386,635536394.0,1,115,1,1,15.99,15.99,1,0.0,1,21,15.99,0.0,0.0,2,2
1387,768510147.0,1,6,1,1,11.28,11.28,1,0.0,5,0,11.28,0.0,0.0,2,2
1388,795795252.0,1,128,1,1,4.98,4.98,1,0.0,2,7,4.98,0.0,0.0,2,2
1389,808500157.0,1,128,1,1,36.99,36.99,1,0.0,2,1,36.99,0.0,0.0,3,2
1390,811003808.0,1,8,1,1,19.99,19.99,1,0.0,3,11,19.99,0.0,0.0,2,2
1391,817976671.0,1,2,1,1,26.45,26.45,1,0.0,2,1,26.45,0.0,0.0,2,2
1392,882230904.0,1,30,1,1,4.4,4.4,1,0.0,2,20,4.4,0.0,0.0,1,2
1393,889877452.0,1,7,1,1,13.99,13.99,1,0.0,4,5,13.99,0.0,0.0,2,2
1394,923817663.0,1,58,1,1,39.0,39.0,1,0.0,2,8,39.0,0.0,0.0,2,2
1395,1385870285.0,1,8,1,1,108.09,108.09,1,0.0,3,10,108.09,0.0,0.0,5,2
1396,1498030352.0,1,66,1,1,10.47,10.47,1,0.0,1,16,10.47,0.0,0.0,2,2
1397,1607824559.0,1,30,1,1,8.27,8.27,1,0.0,2,2,8.27,0.0,0.0,1,2
1398,1705736792.0,1,43,1,1,8.95,8.95,1,0.0,3,3,8.95,0.0,0.0,2,2
1399,1986862596.0,1,86,1,1,13.99,13.99,1,0.0,2,4,13.99,0.0,0.0,2,2
1400,2389051777.0,1,8,1,1,10.25,10.25,1,0.0,3,6,10.25,0.0,0.0,2,2
1401,3496103337.0,1,121,1,1,6.92,6.92,1,0.0,2,5,6.92,0.0,0.0,2,2
1402,4110353443.0,1,45,1,1,27.61,27.61,1,0.0,1,18,27.61,0.0,0.0,3,2
1403,4182843553.0,1,38,1,1,8.54,8.54,1,0.0,1,21,8.54,0.0,0.0,1,2
1404,4209493426.0,1,8,1,1,69.95,69.95,1,0.0,3,13,69.95,0.0,0.0,4,2
1405,4554150349.0,1,121,1,1,6.97,6.97,1,0.0,2,14,6.97,0.0,0.0,2,2
1406,4996044151.0,1,128,1,1,24.69,24.69,1,0.0,2,5,24.69,0.0,0.0,3,2
1407,5224642381.0,1,100,1,1,2.94,2.94,1,0.0,2,19,2.94,0.0,0.0,1,2
1408,5295210607.0,1,15,1,1,14.13,14.13,1,0.0,3,13,14.13,0.0,0.0,2,2
1409,5350126494.0,1,43,1,1,12.6,12.6,1,0.0,3,3,12.6,0.0,0.0,2,2
1410,6788310504.0,1,59,1,1,64.75,64.75,1,0.0,1,18,64.75,0.0,0.0,2,2
1411,7153213338.0,1,64,1,1,15.0,15.0,1,0.0,3,12,15.0,0.0,0.0,2,2
1412,8705300196.0,1,114,1,1,19.95,19.95,1,0.0,2,8,19.95,0.0,0.0,2,2
1413,9869870137.0,1,44,1,1,40.88,40.88,1,0.0,2,14,40.88,0.0,0.0,2,2
1414,9922150454.0,1,100,1,1,13.09,13.09,1,0.0,2,16,13.09,0.0,0.0,2,2
1415,10953067040.0,1,115,1,1,4.94,4.94,1,0.0,1,18,4.94,0.0,0.0,2,2
1416,14667846123.0,1,64,1,1,11.56,11.56,1,0.0,3,16,11.56,0.0,0.0,2,2
1417,17485846079.0,1,58,1,1,19.49,19.49,1,0.0,2,9,19.49,0.0,0.0,2,2
1418,29479412683.0,1,9,1,1,6.86,6.86,1,0.0,2,5,6.86,0.0,0.0,2,2
1419,34052443487.0,1,2,1,1,15.8,15.8,1,0.0,2,7,15.8,0.0,0.0,2,2
1420,52009827654.0,1,122,1,1,68.15,68.15,1,0.0,1,15,68.15,0.0,0.0,2,2
1421,53632565384.0,1,128,1,1,5.44,5.44,1,0.0,2,4,5.44,0.0,0.0,1,2
1422,57214789523.0,1,9,1,1,39.17,39.17,1,0.0,2,8,39.17,0.0,0.0,2,2
1423,57299203613.0,1,51,1,1,8.24,8.24,1,0.0,2,3,8.24,0.0,0.0,2,2
1424,71241797962.0,1,16,1,1,19.99,19.99,1,0.0,2,8,19.99,0.0,0.0,2,2
1425,78195245879.0,1,107,1,1,13.58,13.58,1,0.0,2,16,13.58,0.0,0.0,2,2
1426,80007539338.0,1,15,1,1,38.49,38.49,1,0.0,3,12,38.49,0.0,0.0,1,2
1427,83072464801.0,1,37,1,1,17.56,17.56,1,0.0,2,16,17.56,0.0,0.0,2,2
1428,360633780227.0,1,86,1,1,24.17,24.17,1,0.0,2,14,24.17,0.0,0.0,2,2
1429,385321792323.0,1,114,1,1,10.97,10.97,1,0.0,2,7,10.97,0.0,0.0,2,2
1430,406056827058.0,1,121,1,1,6.92,6.92,1,0.0,2,6,6.92,0.0,0.0,1,2
1431,460453906280.0,1,121,1,1,27.26,27.26,1,0.0,2,7,27.26,0.0,0.0,2,2
1432,475992341745.0,1,6,1,1,81.0,81.0,1,0.0,5,4,81.0,0.0,0.0,2,2
1433,555381070117.0,1,93,1,1,20.95,20.95,1,0.0,2,9,20.95,0.0,0.0,2,2
1434,564619952424.0,1,64,1,1,35.03,35.03,1,0.0,3,12,35.03,0.0,0.0,4,2
1435,678864644875.0,1,38,1,1,104.19,104.19,1,0.0,1,21,104.19,0.0,0.0,5,2
1436,818763952731.0,1,92,1,1,10.95,10.95,1,0.0,3,11,10.95,0.0,0.0,2,2
1437,971898214494.0,1,17,1,1,16.0,16.0,1,0.0,1,21,16.0,0.0,0.0,2,2
1438,986855203697.0,1,115,1,1,14.42,14.42,1,0.0,1,23,14.42,0.0,0.0,2,2
1439,2798841262189.0,1,108,1,1,2.74,2.74,1,0.0,1,17,2.74,0.0,0.0,2,2
1440,3517758107548.0,1,79,1,1,11.99,11.99,1,0.0,2,12,11.99,0.0,0.0,2,2
1441,4799033829450.0,1,128,1,1,2.48,2.48,1,0.0,2,2,2.48,0.0,0.0,2,2
1442,8186980567606.0,1,30,1,1,47.24,47.24,1,0.0,2,22,47.24,0.0,0.0,2,2
1443,8684094468497.0,1,114,1,1,21.95,21.95,1,0.0,2,5,21.95,0.0,0.0,3,2
1444,99674086132829.0,1,121,1,1,17.99,17.99,1,0.0,2,12,17.99,0.0,0.0,2,2
1445,609451361183865.0,1,30,1,1,41.96,41.96,1,0.0,2,10,41.96,0.0,0.0,3,2
1446,3.0076937159202304e+17,1,79,1,1,12.91,12.91,1,0.0,2,9,12.91,0.0,0.0,2,2
1447,3.081297433171869e+19,1,30,1,1,16.98,16.98,1,0.0,2,12,16.98,0.0,0.0,2,2
1448,8.148289888348001e+23,1,107,1,1,18.22,18.22,1,0.0,2,4,18.22,0.0,0.0,2,2
